{"_build_info":{"sdk":"ptrc 25.0.2267","version":"unknown","taxonomy":"25.0.619-develop","taxonomy_version":"25.0.619-develop","date":"2022-11-21T11:45:06Z"},"tables":{"Suspicious_ProcessName_FalseAlarm":{"description":"Known process masks for Windows which should be excluded from suspicious detections","fillType":"Registry","objectId":"XDR-TL-5","kind":"core","maxSize":9999,"ttl":0,"type":1,"typicalSize":6666,"userCanEditContent":true,"fields":{"_id":{"index":true,"nullable":false,"primaryKey":false,"unique":true,"type":"Number"},"_last_changed":{"index":true,"nullable":false,"primaryKey":false,"unique":false,"type":"Datetime"},"complex_key":{"index":true,"nullable":false,"primaryKey":true,"unique":true,"type":"composite","compositeFields":["rule_name","process_name_regex"]},"process_name_regex":{"index":false,"nullable":false,"primaryKey":false,"unique":false,"type":"Regex"},"rule_name":{"index":false,"nullable":false,"primaryKey":false,"unique":false,"type":"String"}}}},"table_bindings":{"Suspicious_ProcessName_FalseAlarm":{"read_by":["Suspicious_Create_Process_NetSh_NetShell","Suspicious_Write_File_USB_AirSpread"]}},"event_fields":{"common":["dst.asset","dst.hostname","dst.ip","src.asset","src.hostname","src.ip","time","uuid","historical","recv_asset","event_src.asset","asset_ids","count"],"routes":[["datafield6","object.process.cmdline","object.process.fullpath","object.process.guid","object.process.id","object.process.name","subject.process.fullpath","subject.process.guid","subject.process.id","subject.process.name","subject.process.path"],["object.fullpath","object.name","object.new_value","object.path","object.property","object.type","object.value","subject.process.fullpath","subject.process.id","subject.process.name"],["object.fullpath","object.name","object.new_value","object.path","object.property","object.value","subject.process.fullpath","subject.process.id","subject.process.name","subject.process.path"],["object.fullpath","object.name","object.path","subject.process.fullpath","subject.process.id","subject.process.name","subject.process.path"],["object.process.cmdline","object.process.fullpath","object.process.id","object.process.name","object.process.parent.fullpath","object.process.parent.id","object.process.parent.name"],["object.process.cmdline","object.process.id","object.process.name","object.process.parent.cmdline","object.process.parent.fullpath","object.process.parent.guid","object.process.parent.id","object.process.parent.name","object.process.parent.path"],["object.process.fullpath","object.process.guid","object.process.id","object.process.name","object.process.path","reason"],["object.process.id","object.process.name","object.property","object.value","subject.process.id"]]},"queries":{"inline_query_Suspicious_Create_Process_NetSh_NetShell_1__3a1d81cb9bf9290df9fbc2831af10ab1a40b362f":{"collection":"Suspicious_ProcessName_FalseAlarm","body":{"type":"Builtin","pos":"3,9","name":"and","args":[{"type":"Builtin","pos":"3,9","name":"==","args":[{"type":"Variable","name":"rule_name","pos":"3,9","namespace":3},{"type":"String","value":"Suspicious_Create_Process_NetSh_NetShell","pos":"11,52"}]},{"type":"Builtin","pos":"4,13","name":"regex_match","args":[{"type":"Variable","name":"$1","pos":"11,96","namespace":0},{"type":"Variable","name":"process_name_regex","pos":"4,44","namespace":3}]}]}},"inline_query_Suspicious_Write_File_USB_AirSpread_1__3a1d81cb9bf9290df9fbc2831af10ab1a40b362f":{"collection":"Suspicious_ProcessName_FalseAlarm","body":{"type":"Builtin","pos":"3,9","name":"and","args":[{"type":"Builtin","pos":"3,9","name":"==","args":[{"type":"Variable","name":"rule_name","pos":"3,9","namespace":3},{"type":"String","value":"Suspicious_Write_File_USB_AirSpread","pos":"14,52"}]},{"type":"Builtin","pos":"4,13","name":"regex_match","args":[{"type":"Variable","name":"$1","pos":"14,91","namespace":0},{"type":"Variable","name":"process_name_regex","pos":"4,44","namespace":3}]}]}}},"routes":{"type":"StatementList","substatements":[{"type":"StIf","pos":"6,9","predicate":{"type":"Builtin","pos":"6,9","name":"==","args":[{"type":"Variable","name":"event_src.title","pos":"6,9","namespace":2},{"type":"String","value":"sysmon","pos":"6,28"}]},"yes":{"type":"StatementList","substatements":[{"type":"StSwitch","pos":"7,13","var":{"type":"Variable","name":"msgid","pos":"7,13","namespace":2},"cases":[{"case_cond":{"type":"String","value":"11","pos":"8,22"},"case_body":{"type":"StatementList","substatements":[{"type":"StIf","pos":"9,13","predicate":{"type":"Builtin","pos":"9,13","name":"and","args":[{"type":"Builtin","pos":"9,13","name":"match","args":[{"type":"Variable","name":"object.path","pos":"9,19","namespace":2},{"type":"String","value":"?:\\","pos":"9,32"}]},{"type":"Builtin","pos":"11,13","name":"and","args":[{"type":"Builtin","pos":"11,13","name":"or","args":[{"type":"Builtin","pos":"11,13","name":"match","args":[{"type":"Builtin","pos":"11,19","name":"lower","args":[{"type":"Variable","name":"object.name","pos":"11,25","namespace":2}]},{"type":"String","value":"autorun.inf","pos":"11,39"}]},{"type":"Builtin","pos":"12,16","name":"match","args":[{"type":"Builtin","pos":"12,22","name":"lower","args":[{"type":"Variable","name":"object.name","pos":"12,28","namespace":2}]},{"type":"String","value":"*.lnk","pos":"12,42"}]}]},{"type":"Builtin","pos":"2,5","name":"not","args":[{"type":"Builtin","pos":"2,9","name":"exec_query","args":[{"type":"String","value":"inline_query_Suspicious_Write_File_USB_AirSpread_1__3a1d81cb9bf9290df9fbc2831af10ab1a40b362f","pos":"2,9"},{"type":"List","value":[{"type":"Variable","name":"subject.process.fullpath","pos":"14,91","namespace":2}],"pos":"2,9"}]}]}]}]},"yes":{"type":"StatementList","substatements":[{"type":"StAssign","lvalue":"_correlation_id","rvalue":{"type":"Builtin","pos":"7,9","name":"append","args":[{"type":"Variable","name":"_correlation_id","pos":"7,9","namespace":0},{"type":"List","value":[],"pos":"7,9"}]},"pos":null,"namespace":0},{"type":"StAssign","lvalue":"_rule_name","rvalue":{"type":"Builtin","pos":"7,9","name":"append","args":[{"type":"Variable","name":"_rule_name","pos":"7,9","namespace":0},{"type":"String","value":"Suspicious_Write_File_USB_AirSpread","pos":"7,9"}]},"pos":null,"namespace":0},{"type":"StAssign","lvalue":"_rule_version","rvalue":{"type":"Builtin","pos":"7,9","name":"append","args":[{"type":"Variable","name":"_rule_version","pos":"7,9","namespace":0},{"type":"String","value":"d86901b034395d0e05f68b1d73f47ee6ddeb936b","pos":"7,9"}]},"pos":null,"namespace":0},{"type":"StAssign","lvalue":"_event_name","rvalue":{"type":"Builtin","pos":"7,9","name":"append","args":[{"type":"Variable","name":"_event_name","pos":"7,9","namespace":0},{"type":"String","value":"E","pos":"7,9"}]},"pos":null,"namespace":0},{"type":"StAssign","lvalue":"_required_fields","rvalue":{"type":"Builtin","pos":"7,9","name":"append","args":[{"type":"Variable","name":"_required_fields","pos":"7,9","namespace":0},{"type":"Number","value":3,"pos":"7,9"}]},"pos":null,"namespace":0},{"type":"StAssign","lvalue":"_with_diff_fields","rvalue":{"type":"Builtin","pos":"7,9","name":"append","args":[{"type":"Variable","name":"_with_diff_fields","pos":"7,9","namespace":0},{"type":"List","value":[],"pos":"7,9"}]},"pos":null,"namespace":0}]},"no":{"type":"StatementList","substatements":[]}}]}},{"case_cond":{"type":"String","value":"10","pos":"10,22"},"case_body":{"type":"StatementList","substatements":[{"type":"StIf","pos":"11,13","predicate":{"type":"Builtin","pos":"11,13","name":"in_list","args":[{"type":"List","value":[{"type":"String","value":"0x1f0fff","pos":"11,22"},{"type":"String","value":"0x1f1fff","pos":"11,34"},{"type":"String","value":"0x1f2fff","pos":"11,46"},{"type":"String","value":"0x1f3fff","pos":"11,58"},{"type":"String","value":"0x1fffff","pos":"11,70"}],"pos":"11,21"},{"type":"Builtin","pos":"11,83","name":"lower","args":[{"type":"Variable","name":"object.value","pos":"11,89","namespace":2}]}]},"yes":{"type":"StatementList","substatements":[{"type":"StAssign","lvalue":"_correlation_id","rvalue":{"type":"Builtin","pos":"9,9","name":"append","args":[{"type":"Variable","name":"_correlation_id","pos":"9,9","namespace":0},{"type":"List","value":[{"type":"String","value":"subject.process.id","pos":"9,9"},{"type":"String","value":"object.process.id","pos":"9,9"},{"type":"String","value":"object.process.name","pos":"9,9"}],"pos":"9,9"}]},"pos":null,"namespace":0},{"type":"StAssign","lvalue":"_rule_name","rvalue":{"type":"Builtin","pos":"9,9","name":"append","args":[{"type":"Variable","name":"_rule_name","pos":"9,9","namespace":0},{"type":"String","value":"Suspicious_Write_Process_Inject_CreateRemoteThread","pos":"9,9"}]},"pos":null,"namespace":0},{"type":"StAssign","lvalue":"_rule_version","rvalue":{"type":"Builtin","pos":"9,9","name":"append","args":[{"type":"Variable","name":"_rule_version","pos":"9,9","namespace":0},{"type":"String","value":"112c5f2126f80c0c4fc2a69092818b73066226ba","pos":"9,9"}]},"pos":null,"namespace":0},{"type":"StAssign","lvalue":"_event_name","rvalue":{"type":"Builtin","pos":"9,9","name":"append","args":[{"type":"Variable","name":"_event_name","pos":"9,9","namespace":0},{"type":"String","value":"E1","pos":"9,9"}]},"pos":null,"namespace":0},{"type":"StAssign","lvalue":"_required_fields","rvalue":{"type":"Builtin","pos":"9,9","name":"append","args":[{"type":"Variable","name":"_required_fields","pos":"9,9","namespace":0},{"type":"Number","value":7,"pos":"9,9"}]},"pos":null,"namespace":0},{"type":"StAssign","lvalue":"_with_diff_fields","rvalue":{"type":"Builtin","pos":"9,9","name":"append","args":[{"type":"Variable","name":"_with_diff_fields","pos":"9,9","namespace":0},{"type":"List","value":[],"pos":"9,9"}]},"pos":null,"namespace":0}]},"no":{"type":"StatementList","substatements":[]}}]}},{"case_cond":{"type":"String","value":"8","pos":"19,22"},"case_body":{"type":"StatementList","substatements":[{"type":"StAssign","lvalue":"_correlation_id","rvalue":{"type":"Builtin","pos":"18,9","name":"append","args":[{"type":"Variable","name":"_correlation_id","pos":"18,9","namespace":0},{"type":"List","value":[{"type":"String","value":"subject.process.id","pos":"18,9"},{"type":"String","value":"object.process.id","pos":"18,9"},{"type":"String","value":"object.process.name","pos":"18,9"}],"pos":"18,9"}]},"pos":null,"namespace":0},{"type":"StAssign","lvalue":"_rule_name","rvalue":{"type":"Builtin","pos":"18,9","name":"append","args":[{"type":"Variable","name":"_rule_name","pos":"18,9","namespace":0},{"type":"String","value":"Suspicious_Write_Process_Inject_CreateRemoteThread","pos":"18,9"}]},"pos":null,"namespace":0},{"type":"StAssign","lvalue":"_rule_version","rvalue":{"type":"Builtin","pos":"18,9","name":"append","args":[{"type":"Variable","name":"_rule_version","pos":"18,9","namespace":0},{"type":"String","value":"112c5f2126f80c0c4fc2a69092818b73066226ba","pos":"18,9"}]},"pos":null,"namespace":0},{"type":"StAssign","lvalue":"_event_name","rvalue":{"type":"Builtin","pos":"18,9","name":"append","args":[{"type":"Variable","name":"_event_name","pos":"18,9","namespace":0},{"type":"String","value":"E2","pos":"18,9"}]},"pos":null,"namespace":0},{"type":"StAssign","lvalue":"_required_fields","rvalue":{"type":"Builtin","pos":"18,9","name":"append","args":[{"type":"Variable","name":"_required_fields","pos":"18,9","namespace":0},{"type":"Number","value":0,"pos":"18,9"}]},"pos":null,"namespace":0},{"type":"StAssign","lvalue":"_with_diff_fields","rvalue":{"type":"Builtin","pos":"18,9","name":"append","args":[{"type":"Variable","name":"_with_diff_fields","pos":"18,9","namespace":0},{"type":"List","value":[],"pos":"18,9"}]},"pos":null,"namespace":0}]}},{"case_cond":{"type":"String","value":"13","pos":"8,22"},"case_body":{"type":"StatementList","substatements":[{"type":"StIf","pos":"10,13","predicate":{"type":"Builtin","pos":"10,13","name":"or","args":[{"type":"Builtin","pos":"11,17","name":"and","args":[{"type":"Builtin","pos":"11,17","name":"match","args":[{"type":"Variable","name":"object.path","pos":"11,23","namespace":2},{"type":"String","value":"*\\system\\*\\control\\lsa\\","pos":"11,36"}]},{"type":"Builtin","pos":"13,21","name":"or","args":[{"type":"Builtin","pos":"13,21","name":"or","args":[{"type":"Builtin","pos":"13,21","name":"match","args":[{"type":"Variable","name":"object.name","pos":"13,27","namespace":2},{"type":"String","value":"*packages","pos":"13,40"}]},{"type":"Builtin","pos":"14,24","name":"and","args":[{"type":"Builtin","pos":"14,24","name":"==","args":[{"type":"Variable","name":"object.name","pos":"14,24","namespace":2},{"type":"String","value":"everyoneincludesanonymous","pos":"14,39"}]},{"type":"Builtin","pos":"14,71","name":"==","args":[{"type":"Variable","name":"object.new_value","pos":"14,71","namespace":2},{"type":"String","value":"dword (0x00000001)","pos":"14,91"}]}]}]},{"type":"Builtin","pos":"15,24","name":"and","args":[{"type":"Builtin","pos":"15,24","name":"==","args":[{"type":"Variable","name":"object.name","pos":"15,24","namespace":2},{"type":"String","value":"limitblankpassworduse","pos":"15,39"}]},{"type":"Builtin","pos":"15,68","name":"or","args":[{"type":"Builtin","pos":"15,68","name":"==","args":[{"type":"Variable","name":"object.new_value","pos":"15,68","namespace":2},{"type":"String","value":"dword (0x00000000)","pos":"15,88"}]},{"type":"Builtin","pos":"15,112","name":"==","args":[{"type":"Variable","name":"object.new_value","pos":"15,112","namespace":2},{"type":"String","value":"","pos":"15,132"}]}]}]}]}]},{"type":"Builtin","pos":"19,17","name":"and","args":[{"type":"Builtin","pos":"19,17","name":"match","args":[{"type":"Variable","name":"object.path","pos":"19,23","namespace":2},{"type":"String","value":"*\\system\\*\\services\\ntds\\","pos":"19,36"}]},{"type":"Builtin","pos":"21,21","name":"or","args":[{"type":"Builtin","pos":"21,21","name":"==","args":[{"type":"Variable","name":"object.name","pos":"21,21","namespace":2},{"type":"String","value":"lsadbextpt","pos":"21,37"}]},{"type":"Builtin","pos":"22,24","name":"==","args":[{"type":"Variable","name":"object.name","pos":"22,24","namespace":2},{"type":"String","value":"directoryserviceextpt","pos":"22,39"}]}]}]}]},"yes":{"type":"StatementList","substatements":[{"type":"StAssign","lvalue":"_correlation_id","rvalue":{"type":"Builtin","pos":"7,9","name":"append","args":[{"type":"Variable","name":"_correlation_id","pos":"7,9","namespace":0},{"type":"List","value":[],"pos":"7,9"}]},"pos":null,"namespace":0},{"type":"StAssign","lvalue":"_rule_name","rvalue":{"type":"Builtin","pos":"7,9","name":"append","args":[{"type":"Variable","name":"_rule_name","pos":"7,9","namespace":0},{"type":"String","value":"Suspicious_Write_Registry_Key_LsaComponents","pos":"7,9"}]},"pos":null,"namespace":0},{"type":"StAssign","lvalue":"_rule_version","rvalue":{"type":"Builtin","pos":"7,9","name":"append","args":[{"type":"Variable","name":"_rule_version","pos":"7,9","namespace":0},{"type":"String","value":"f9e1de782954907fe71e63db106b705110060acd","pos":"7,9"}]},"pos":null,"namespace":0},{"type":"StAssign","lvalue":"_event_name","rvalue":{"type":"Builtin","pos":"7,9","name":"append","args":[{"type":"Variable","name":"_event_name","pos":"7,9","namespace":0},{"type":"String","value":"E","pos":"7,9"}]},"pos":null,"namespace":0},{"type":"StAssign","lvalue":"_required_fields","rvalue":{"type":"Builtin","pos":"7,9","name":"append","args":[{"type":"Variable","name":"_required_fields","pos":"7,9","namespace":0},{"type":"Number","value":1,"pos":"7,9"}]},"pos":null,"namespace":0},{"type":"StAssign","lvalue":"_with_diff_fields","rvalue":{"type":"Builtin","pos":"7,9","name":"append","args":[{"type":"Variable","name":"_with_diff_fields","pos":"7,9","namespace":0},{"type":"List","value":[],"pos":"7,9"}]},"pos":null,"namespace":0}]},"no":{"type":"StatementList","substatements":[]}},{"type":"StIf","pos":"9,13","predicate":{"type":"Builtin","pos":"9,13","name":"match","args":[{"type":"Variable","name":"object.fullpath","pos":"9,19","namespace":2},{"type":"String","value":"\\registry\\machine\\bcd00000000\\objects\\*\\elements\\25000080\\element","pos":"9,36"}]},"yes":{"type":"StatementList","substatements":[{"type":"StAssign","lvalue":"_correlation_id","rvalue":{"type":"Builtin","pos":"7,9","name":"append","args":[{"type":"Variable","name":"_correlation_id","pos":"7,9","namespace":0},{"type":"List","value":[],"pos":"7,9"}]},"pos":null,"namespace":0},{"type":"StAssign","lvalue":"_rule_name","rvalue":{"type":"Builtin","pos":"7,9","name":"append","args":[{"type":"Variable","name":"_rule_name","pos":"7,9","namespace":0},{"type":"String","value":"Suspicious_Write_Registry_Key_SafeBoot","pos":"7,9"}]},"pos":null,"namespace":0},{"type":"StAssign","lvalue":"_rule_version","rvalue":{"type":"Builtin","pos":"7,9","name":"append","args":[{"type":"Variable","name":"_rule_version","pos":"7,9","namespace":0},{"type":"String","value":"a460efc258cbe2cfa8f31cfeac1f1c0326676faa","pos":"7,9"}]},"pos":null,"namespace":0},{"type":"StAssign","lvalue":"_event_name","rvalue":{"type":"Builtin","pos":"7,9","name":"append","args":[{"type":"Variable","name":"_event_name","pos":"7,9","namespace":0},{"type":"String","value":"E","pos":"7,9"}]},"pos":null,"namespace":0},{"type":"StAssign","lvalue":"_required_fields","rvalue":{"type":"Builtin","pos":"7,9","name":"append","args":[{"type":"Variable","name":"_required_fields","pos":"7,9","namespace":0},{"type":"Number","value":1,"pos":"7,9"}]},"pos":null,"namespace":0},{"type":"StAssign","lvalue":"_with_diff_fields","rvalue":{"type":"Builtin","pos":"7,9","name":"append","args":[{"type":"Variable","name":"_with_diff_fields","pos":"7,9","namespace":0},{"type":"List","value":[],"pos":"7,9"}]},"pos":null,"namespace":0}]},"no":{"type":"StatementList","substatements":[]}},{"type":"StIf","pos":"10,13","predicate":{"type":"Builtin","pos":"10,13","name":"and","args":[{"type":"Builtin","pos":"10,13","name":"match","args":[{"type":"Variable","name":"object.path","pos":"10,19","namespace":2},{"type":"String","value":"\\registry\\user\\*\\control panel\\desktop\\","pos":"10,32"}]},{"type":"Builtin","pos":"11,13","name":"match","args":[{"type":"Builtin","pos":"11,19","name":"lower","args":[{"type":"Variable","name":"object.name","pos":"11,25","namespace":2}]},{"type":"String","value":"scrnsave.exe","pos":"11,39"}]}]},"yes":{"type":"StatementList","substatements":[{"type":"StAssign","lvalue":"_correlation_id","rvalue":{"type":"Builtin","pos":"8,9","name":"append","args":[{"type":"Variable","name":"_correlation_id","pos":"8,9","namespace":0},{"type":"List","value":[{"type":"String","value":"subject.process.id","pos":"8,9"}],"pos":"8,9"}]},"pos":null,"namespace":0},{"type":"StAssign","lvalue":"_rule_name","rvalue":{"type":"Builtin","pos":"8,9","name":"append","args":[{"type":"Variable","name":"_rule_name","pos":"8,9","namespace":0},{"type":"String","value":"Suspicious_Write_Registry_Key_ScreenSaver","pos":"8,9"}]},"pos":null,"namespace":0},{"type":"StAssign","lvalue":"_rule_version","rvalue":{"type":"Builtin","pos":"8,9","name":"append","args":[{"type":"Variable","name":"_rule_version","pos":"8,9","namespace":0},{"type":"String","value":"8190000344af0b276a044a0473d2a2dfdcb2638e","pos":"8,9"}]},"pos":null,"namespace":0},{"type":"StAssign","lvalue":"_event_name","rvalue":{"type":"Builtin","pos":"8,9","name":"append","args":[{"type":"Variable","name":"_event_name","pos":"8,9","namespace":0},{"type":"String","value":"E","pos":"8,9"}]},"pos":null,"namespace":0},{"type":"StAssign","lvalue":"_required_fields","rvalue":{"type":"Builtin","pos":"8,9","name":"append","args":[{"type":"Variable","name":"_required_fields","pos":"8,9","namespace":0},{"type":"Number","value":2,"pos":"8,9"}]},"pos":null,"namespace":0},{"type":"StAssign","lvalue":"_with_diff_fields","rvalue":{"type":"Builtin","pos":"8,9","name":"append","args":[{"type":"Variable","name":"_with_diff_fields","pos":"8,9","namespace":0},{"type":"List","value":[],"pos":"8,9"}]},"pos":null,"namespace":0}]},"no":{"type":"StatementList","substatements":[]}}]}},{"case_cond":{"type":"String","value":"25","pos":"18,22"},"case_body":{"type":"StatementList","substatements":[{"type":"StAssign","lvalue":"_correlation_id","rvalue":{"type":"Builtin","pos":"17,9","name":"append","args":[{"type":"Variable","name":"_correlation_id","pos":"17,9","namespace":0},{"type":"List","value":[{"type":"String","value":"object.process.id","pos":"17,9"},{"type":"String","value":"object.process.name","pos":"17,9"}],"pos":"17,9"}]},"pos":null,"namespace":0},{"type":"StAssign","lvalue":"_rule_name","rvalue":{"type":"Builtin","pos":"17,9","name":"append","args":[{"type":"Variable","name":"_rule_name","pos":"17,9","namespace":0},{"type":"String","value":"Suspicious_Write_Process_Inject_ProcessTampering","pos":"17,9"}]},"pos":null,"namespace":0},{"type":"StAssign","lvalue":"_rule_version","rvalue":{"type":"Builtin","pos":"17,9","name":"append","args":[{"type":"Variable","name":"_rule_version","pos":"17,9","namespace":0},{"type":"String","value":"cb7a591c8c69fa2c0b6801ec26a5486fe752788c","pos":"17,9"}]},"pos":null,"namespace":0},{"type":"StAssign","lvalue":"_event_name","rvalue":{"type":"Builtin","pos":"17,9","name":"append","args":[{"type":"Variable","name":"_event_name","pos":"17,9","namespace":0},{"type":"String","value":"E2","pos":"17,9"}]},"pos":null,"namespace":0},{"type":"StAssign","lvalue":"_required_fields","rvalue":{"type":"Builtin","pos":"17,9","name":"append","args":[{"type":"Variable","name":"_required_fields","pos":"17,9","namespace":0},{"type":"Number","value":6,"pos":"17,9"}]},"pos":null,"namespace":0},{"type":"StAssign","lvalue":"_with_diff_fields","rvalue":{"type":"Builtin","pos":"17,9","name":"append","args":[{"type":"Variable","name":"_with_diff_fields","pos":"17,9","namespace":0},{"type":"List","value":[],"pos":"17,9"}]},"pos":null,"namespace":0}]}},{"case_cond":{"type":"String","value":"1","pos":"7,22"},"case_body":{"type":"StatementList","substatements":[{"type":"StIf","pos":"8,13","predicate":{"type":"Builtin","pos":"8,13","name":"match","args":[{"type":"Variable","name":"object.process.fullpath","pos":"8,19","namespace":2},{"type":"String","value":"*windows\\sys?????\\bitsadmin.exe","pos":"8,44"}]},"yes":{"type":"StatementList","substatements":[{"type":"StAssign","lvalue":"_correlation_id","rvalue":{"type":"Builtin","pos":"6,9","name":"append","args":[{"type":"Variable","name":"_correlation_id","pos":"6,9","namespace":0},{"type":"List","value":[],"pos":"6,9"}]},"pos":null,"namespace":0},{"type":"StAssign","lvalue":"_rule_name","rvalue":{"type":"Builtin","pos":"6,9","name":"append","args":[{"type":"Variable","name":"_rule_name","pos":"6,9","namespace":0},{"type":"String","value":"Suspicious_Create_Process_BitsAdmin_RestrictionBypass","pos":"6,9"}]},"pos":null,"namespace":0},{"type":"StAssign","lvalue":"_rule_version","rvalue":{"type":"Builtin","pos":"6,9","name":"append","args":[{"type":"Variable","name":"_rule_version","pos":"6,9","namespace":0},{"type":"String","value":"329e7352818be7620309cfcced42df6b6add109a","pos":"6,9"}]},"pos":null,"namespace":0},{"type":"StAssign","lvalue":"_event_name","rvalue":{"type":"Builtin","pos":"6,9","name":"append","args":[{"type":"Variable","name":"_event_name","pos":"6,9","namespace":0},{"type":"String","value":"E","pos":"6,9"}]},"pos":null,"namespace":0},{"type":"StAssign","lvalue":"_required_fields","rvalue":{"type":"Builtin","pos":"6,9","name":"append","args":[{"type":"Variable","name":"_required_fields","pos":"6,9","namespace":0},{"type":"Number","value":4,"pos":"6,9"}]},"pos":null,"namespace":0},{"type":"StAssign","lvalue":"_with_diff_fields","rvalue":{"type":"Builtin","pos":"6,9","name":"append","args":[{"type":"Variable","name":"_with_diff_fields","pos":"6,9","namespace":0},{"type":"List","value":[],"pos":"6,9"}]},"pos":null,"namespace":0}]},"no":{"type":"StatementList","substatements":[]}},{"type":"StIf","pos":"10,13","predicate":{"type":"Builtin","pos":"10,13","name":"and","args":[{"type":"Builtin","pos":"10,13","name":"match","args":[{"type":"Variable","name":"object.process.fullpath","pos":"10,19","namespace":2},{"type":"String","value":"*windows\\sys?????\\netsh.exe","pos":"10,44"}]},{"type":"Builtin","pos":"2,5","name":"not","args":[{"type":"Builtin","pos":"2,9","name":"exec_query","args":[{"type":"String","value":"inline_query_Suspicious_Create_Process_NetSh_NetShell_1__3a1d81cb9bf9290df9fbc2831af10ab1a40b362f","pos":"2,9"},{"type":"List","value":[{"type":"Variable","name":"object.process.parent.fullpath","pos":"11,96","namespace":2}],"pos":"2,9"}]}]}]},"yes":{"type":"StatementList","substatements":[{"type":"StAssign","lvalue":"_correlation_id","rvalue":{"type":"Builtin","pos":"8,9","name":"append","args":[{"type":"Variable","name":"_correlation_id","pos":"8,9","namespace":0},{"type":"List","value":[],"pos":"8,9"}]},"pos":null,"namespace":0},{"type":"StAssign","lvalue":"_rule_name","rvalue":{"type":"Builtin","pos":"8,9","name":"append","args":[{"type":"Variable","name":"_rule_name","pos":"8,9","namespace":0},{"type":"String","value":"Suspicious_Create_Process_NetSh_NetShell","pos":"8,9"}]},"pos":null,"namespace":0},{"type":"StAssign","lvalue":"_rule_version","rvalue":{"type":"Builtin","pos":"8,9","name":"append","args":[{"type":"Variable","name":"_rule_version","pos":"8,9","namespace":0},{"type":"String","value":"cdfd2eee2a1203f8740e21e3ab0a6dec32a9cdb5","pos":"8,9"}]},"pos":null,"namespace":0},{"type":"StAssign","lvalue":"_event_name","rvalue":{"type":"Builtin","pos":"8,9","name":"append","args":[{"type":"Variable","name":"_event_name","pos":"8,9","namespace":0},{"type":"String","value":"E","pos":"8,9"}]},"pos":null,"namespace":0},{"type":"StAssign","lvalue":"_required_fields","rvalue":{"type":"Builtin","pos":"8,9","name":"append","args":[{"type":"Variable","name":"_required_fields","pos":"8,9","namespace":0},{"type":"Number","value":4,"pos":"8,9"}]},"pos":null,"namespace":0},{"type":"StAssign","lvalue":"_with_diff_fields","rvalue":{"type":"Builtin","pos":"8,9","name":"append","args":[{"type":"Variable","name":"_with_diff_fields","pos":"8,9","namespace":0},{"type":"List","value":[],"pos":"8,9"}]},"pos":null,"namespace":0}]},"no":{"type":"StatementList","substatements":[]}},{"type":"StIf","pos":"8,7","predicate":{"type":"Builtin","pos":"8,7","name":"and","args":[{"type":"Builtin","pos":"8,7","name":"match","args":[{"type":"Variable","name":"object.process.fullpath","pos":"8,13","namespace":2},{"type":"String","value":"*windows\\sys?????\\ping.exe","pos":"8,38"}]},{"type":"Builtin","pos":"9,7","name":"match","args":[{"type":"Variable","name":"object.process.cmdline","pos":"9,13","namespace":2},{"type":"String","value":"*127.0.0.1*","pos":"9,37"}]}]},"yes":{"type":"StatementList","substatements":[{"type":"StAssign","lvalue":"_correlation_id","rvalue":{"type":"Builtin","pos":"6,3","name":"append","args":[{"type":"Variable","name":"_correlation_id","pos":"6,3","namespace":0},{"type":"List","value":[],"pos":"6,3"}]},"pos":null,"namespace":0},{"type":"StAssign","lvalue":"_rule_name","rvalue":{"type":"Builtin","pos":"6,3","name":"append","args":[{"type":"Variable","name":"_rule_name","pos":"6,3","namespace":0},{"type":"String","value":"Suspicious_Create_Process_Ping_SelfDelete","pos":"6,3"}]},"pos":null,"namespace":0},{"type":"StAssign","lvalue":"_rule_version","rvalue":{"type":"Builtin","pos":"6,3","name":"append","args":[{"type":"Variable","name":"_rule_version","pos":"6,3","namespace":0},{"type":"String","value":"1524b0727e44ee2c940bc84e901a4ee4728240d7","pos":"6,3"}]},"pos":null,"namespace":0},{"type":"StAssign","lvalue":"_event_name","rvalue":{"type":"Builtin","pos":"6,3","name":"append","args":[{"type":"Variable","name":"_event_name","pos":"6,3","namespace":0},{"type":"String","value":"E","pos":"6,3"}]},"pos":null,"namespace":0},{"type":"StAssign","lvalue":"_required_fields","rvalue":{"type":"Builtin","pos":"6,3","name":"append","args":[{"type":"Variable","name":"_required_fields","pos":"6,3","namespace":0},{"type":"Number","value":4,"pos":"6,3"}]},"pos":null,"namespace":0},{"type":"StAssign","lvalue":"_with_diff_fields","rvalue":{"type":"Builtin","pos":"6,3","name":"append","args":[{"type":"Variable","name":"_with_diff_fields","pos":"6,3","namespace":0},{"type":"List","value":[],"pos":"6,3"}]},"pos":null,"namespace":0}]},"no":{"type":"StatementList","substatements":[]}},{"type":"StIf","pos":"8,13","predicate":{"type":"Builtin","pos":"8,13","name":"match","args":[{"type":"Variable","name":"object.process.fullpath","pos":"8,19","namespace":2},{"type":"String","value":"*windows\\sys?????\\schtasks.exe","pos":"8,44"}]},"yes":{"type":"StatementList","substatements":[{"type":"StAssign","lvalue":"_correlation_id","rvalue":{"type":"Builtin","pos":"6,9","name":"append","args":[{"type":"Variable","name":"_correlation_id","pos":"6,9","namespace":0},{"type":"List","value":[],"pos":"6,9"}]},"pos":null,"namespace":0},{"type":"StAssign","lvalue":"_rule_name","rvalue":{"type":"Builtin","pos":"6,9","name":"append","args":[{"type":"Variable","name":"_rule_name","pos":"6,9","namespace":0},{"type":"String","value":"Suspicious_Create_Process_Schtasks_Persistence","pos":"6,9"}]},"pos":null,"namespace":0},{"type":"StAssign","lvalue":"_rule_version","rvalue":{"type":"Builtin","pos":"6,9","name":"append","args":[{"type":"Variable","name":"_rule_version","pos":"6,9","namespace":0},{"type":"String","value":"c3b06e9dadce62b382b50dc617d5e966d7684711","pos":"6,9"}]},"pos":null,"namespace":0},{"type":"StAssign","lvalue":"_event_name","rvalue":{"type":"Builtin","pos":"6,9","name":"append","args":[{"type":"Variable","name":"_event_name","pos":"6,9","namespace":0},{"type":"String","value":"E","pos":"6,9"}]},"pos":null,"namespace":0},{"type":"StAssign","lvalue":"_required_fields","rvalue":{"type":"Builtin","pos":"6,9","name":"append","args":[{"type":"Variable","name":"_required_fields","pos":"6,9","namespace":0},{"type":"Number","value":4,"pos":"6,9"}]},"pos":null,"namespace":0},{"type":"StAssign","lvalue":"_with_diff_fields","rvalue":{"type":"Builtin","pos":"6,9","name":"append","args":[{"type":"Variable","name":"_with_diff_fields","pos":"6,9","namespace":0},{"type":"List","value":[],"pos":"6,9"}]},"pos":null,"namespace":0}]},"no":{"type":"StatementList","substatements":[]}},{"type":"StAssign","lvalue":"_correlation_id","rvalue":{"type":"Builtin","pos":"9,9","name":"append","args":[{"type":"Variable","name":"_correlation_id","pos":"9,9","namespace":0},{"type":"List","value":[{"type":"String","value":"object.process.id","pos":"9,9"},{"type":"String","value":"object.process.name","pos":"9,9"}],"pos":"9,9"}]},"pos":null,"namespace":0},{"type":"StAssign","lvalue":"_rule_name","rvalue":{"type":"Builtin","pos":"9,9","name":"append","args":[{"type":"Variable","name":"_rule_name","pos":"9,9","namespace":0},{"type":"String","value":"Suspicious_Write_Process_Inject_ProcessTampering","pos":"9,9"}]},"pos":null,"namespace":0},{"type":"StAssign","lvalue":"_rule_version","rvalue":{"type":"Builtin","pos":"9,9","name":"append","args":[{"type":"Variable","name":"_rule_version","pos":"9,9","namespace":0},{"type":"String","value":"cb7a591c8c69fa2c0b6801ec26a5486fe752788c","pos":"9,9"}]},"pos":null,"namespace":0},{"type":"StAssign","lvalue":"_event_name","rvalue":{"type":"Builtin","pos":"9,9","name":"append","args":[{"type":"Variable","name":"_event_name","pos":"9,9","namespace":0},{"type":"String","value":"E1","pos":"9,9"}]},"pos":null,"namespace":0},{"type":"StAssign","lvalue":"_required_fields","rvalue":{"type":"Builtin","pos":"9,9","name":"append","args":[{"type":"Variable","name":"_required_fields","pos":"9,9","namespace":0},{"type":"Number","value":5,"pos":"9,9"}]},"pos":null,"namespace":0},{"type":"StAssign","lvalue":"_with_diff_fields","rvalue":{"type":"Builtin","pos":"9,9","name":"append","args":[{"type":"Variable","name":"_with_diff_fields","pos":"9,9","namespace":0},{"type":"List","value":[],"pos":"9,9"}]},"pos":null,"namespace":0}]}}]}]},"no":{"type":"StatementList","substatements":[]}}]},"rules":{"Suspicious_Create_Process_BitsAdmin_RestrictionBypass":{"version":"329e7352818be7620309cfcced42df6b6add109a","init_state":"1","close_state":"0","transitions":{"1":{"E":{"dest":"2","custom_handler":{"type":"StatementList","substatements":[{"type":"StAssign","lvalue":"object.process.parent.id","rvalue":{"type":"Builtin","pos":"13,9","name":"string","args":[{"type":"Variable","name":"object.process.parent.id","pos":"13,37","namespace":2}]},"pos":"13,9","namespace":1},{"type":"StAssign","lvalue":"object.process.parent.fullpath","rvalue":{"type":"Builtin","pos":"14,9","name":"string","args":[{"type":"Variable","name":"object.process.parent.fullpath","pos":"14,43","namespace":2}]},"pos":"14,9","namespace":1},{"type":"StAssign","lvalue":"object.process.parent.name","rvalue":{"type":"Builtin","pos":"15,9","name":"string","args":[{"type":"Variable","name":"object.process.parent.name","pos":"15,39","namespace":2}]},"pos":"15,9","namespace":1},{"type":"StAssign","lvalue":"object.process.fullpath","rvalue":{"type":"Builtin","pos":"17,9","name":"string","args":[{"type":"Variable","name":"object.process.fullpath","pos":"17,36","namespace":2}]},"pos":"17,9","namespace":1},{"type":"StAssign","lvalue":"object.process.name","rvalue":{"type":"Builtin","pos":"18,9","name":"string","args":[{"type":"Variable","name":"object.process.name","pos":"18,32","namespace":2}]},"pos":"18,9","namespace":1},{"type":"StAssign","lvalue":"object.process.id","rvalue":{"type":"Builtin","pos":"19,9","name":"string","args":[{"type":"Variable","name":"object.process.id","pos":"19,30","namespace":2}]},"pos":"19,9","namespace":1},{"type":"StAssign","lvalue":"object.process.cmdline","rvalue":{"type":"Builtin","pos":"20,9","name":"string","args":[{"type":"Variable","name":"object.process.cmdline","pos":"20,35","namespace":2}]},"pos":"20,9","namespace":1},{"type":"StAssign","lvalue":"category.high","rvalue":{"type":"Builtin","pos":"22,9","name":"string","args":[{"type":"String","value":"Suspicious_Create_Process_BitsAdmin_RestrictionBypass","pos":"22,26"}]},"pos":"22,9","namespace":1},{"type":"StAssign","lvalue":"category.generic","rvalue":{"type":"Builtin","pos":"23,9","name":"string","args":[{"type":"String","value":"suspicious","pos":"23,29"}]},"pos":"23,9","namespace":1},{"type":"StAssign","lvalue":"numfield1","rvalue":{"type":"Builtin","pos":"24,9","name":"number","args":[{"type":"Number","value":3,"pos":"24,22"}]},"pos":"24,9","namespace":1}]}}}},"finish_state":["2"],"emit":{"type":"StatementList","substatements":[{"type":"StAssign","lvalue":"correlation_name","rvalue":{"type":"Builtin","pos":"1,1","name":"string","args":[{"type":"String","value":"Suspicious_Create_Process_BitsAdmin_RestrictionBypass","pos":"1,1"}]},"pos":"1,1","namespace":1},{"type":"StAssign","lvalue":"correlation_name","rvalue":{"type":"Builtin","pos":"1,1","name":"string","args":[{"type":"String","value":"Suspicious_Create_Process_BitsAdmin_RestrictionBypass","pos":"1,1"}]},"pos":"1,1","namespace":1}]}},"Suspicious_Create_Process_NetSh_NetShell":{"version":"cdfd2eee2a1203f8740e21e3ab0a6dec32a9cdb5","init_state":"1","close_state":"0","transitions":{"1":{"E":{"dest":"2","custom_handler":{"type":"StatementList","substatements":[{"type":"StAssign","lvalue":"object.process.parent.id","rvalue":{"type":"Builtin","pos":"16,9","name":"string","args":[{"type":"Variable","name":"object.process.parent.id","pos":"16,37","namespace":2}]},"pos":"16,9","namespace":1},{"type":"StAssign","lvalue":"object.process.parent.fullpath","rvalue":{"type":"Builtin","pos":"17,9","name":"string","args":[{"type":"Variable","name":"object.process.parent.fullpath","pos":"17,43","namespace":2}]},"pos":"17,9","namespace":1},{"type":"StAssign","lvalue":"object.process.parent.name","rvalue":{"type":"Builtin","pos":"18,9","name":"string","args":[{"type":"Variable","name":"object.process.parent.name","pos":"18,39","namespace":2}]},"pos":"18,9","namespace":1},{"type":"StAssign","lvalue":"object.process.fullpath","rvalue":{"type":"Builtin","pos":"20,9","name":"string","args":[{"type":"Variable","name":"object.process.fullpath","pos":"20,36","namespace":2}]},"pos":"20,9","namespace":1},{"type":"StAssign","lvalue":"object.process.name","rvalue":{"type":"Builtin","pos":"21,9","name":"string","args":[{"type":"Variable","name":"object.process.name","pos":"21,32","namespace":2}]},"pos":"21,9","namespace":1},{"type":"StAssign","lvalue":"object.process.id","rvalue":{"type":"Builtin","pos":"22,9","name":"string","args":[{"type":"Variable","name":"object.process.id","pos":"22,30","namespace":2}]},"pos":"22,9","namespace":1},{"type":"StAssign","lvalue":"object.process.cmdline","rvalue":{"type":"Builtin","pos":"23,9","name":"string","args":[{"type":"Variable","name":"object.process.cmdline","pos":"23,35","namespace":2}]},"pos":"23,9","namespace":1},{"type":"StAssign","lvalue":"category.high","rvalue":{"type":"Builtin","pos":"25,9","name":"string","args":[{"type":"String","value":"Suspicious_Create_Process_NetSh_NetShell","pos":"25,26"}]},"pos":"25,9","namespace":1},{"type":"StAssign","lvalue":"category.generic","rvalue":{"type":"Builtin","pos":"26,9","name":"string","args":[{"type":"String","value":"suspicious","pos":"26,29"}]},"pos":"26,9","namespace":1},{"type":"StAssign","lvalue":"numfield1","rvalue":{"type":"Builtin","pos":"27,9","name":"number","args":[{"type":"Number","value":4,"pos":"27,22"}]},"pos":"27,9","namespace":1}]}}}},"finish_state":["2"],"emit":{"type":"StatementList","substatements":[{"type":"StAssign","lvalue":"correlation_name","rvalue":{"type":"Builtin","pos":"1,1","name":"string","args":[{"type":"String","value":"Suspicious_Create_Process_NetSh_NetShell","pos":"1,1"}]},"pos":"1,1","namespace":1},{"type":"StAssign","lvalue":"correlation_name","rvalue":{"type":"Builtin","pos":"1,1","name":"string","args":[{"type":"String","value":"Suspicious_Create_Process_NetSh_NetShell","pos":"1,1"}]},"pos":"1,1","namespace":1}]}},"Suspicious_Create_Process_Ping_SelfDelete":{"version":"1524b0727e44ee2c940bc84e901a4ee4728240d7","init_state":"1","close_state":"0","transitions":{"1":{"E":{"dest":"2","custom_handler":{"type":"StatementList","substatements":[{"type":"StAssign","lvalue":"object.process.parent.id","rvalue":{"type":"Builtin","pos":"14,9","name":"string","args":[{"type":"Variable","name":"object.process.parent.id","pos":"14,37","namespace":2}]},"pos":"14,9","namespace":1},{"type":"StAssign","lvalue":"object.process.parent.fullpath","rvalue":{"type":"Builtin","pos":"15,9","name":"string","args":[{"type":"Variable","name":"object.process.parent.fullpath","pos":"15,43","namespace":2}]},"pos":"15,9","namespace":1},{"type":"StAssign","lvalue":"object.process.parent.name","rvalue":{"type":"Builtin","pos":"16,9","name":"string","args":[{"type":"Variable","name":"object.process.parent.name","pos":"16,39","namespace":2}]},"pos":"16,9","namespace":1},{"type":"StAssign","lvalue":"object.process.fullpath","rvalue":{"type":"Builtin","pos":"18,9","name":"string","args":[{"type":"Variable","name":"object.process.fullpath","pos":"18,36","namespace":2}]},"pos":"18,9","namespace":1},{"type":"StAssign","lvalue":"object.process.name","rvalue":{"type":"Builtin","pos":"19,9","name":"string","args":[{"type":"Variable","name":"object.process.name","pos":"19,32","namespace":2}]},"pos":"19,9","namespace":1},{"type":"StAssign","lvalue":"object.process.id","rvalue":{"type":"Builtin","pos":"20,9","name":"string","args":[{"type":"Variable","name":"object.process.id","pos":"20,30","namespace":2}]},"pos":"20,9","namespace":1},{"type":"StAssign","lvalue":"object.process.cmdline","rvalue":{"type":"Builtin","pos":"21,9","name":"string","args":[{"type":"Variable","name":"object.process.cmdline","pos":"21,35","namespace":2}]},"pos":"21,9","namespace":1},{"type":"StAssign","lvalue":"category.high","rvalue":{"type":"Builtin","pos":"23,9","name":"string","args":[{"type":"String","value":"Suspicious_Create_Process_Ping_SelfDelete","pos":"23,26"}]},"pos":"23,9","namespace":1},{"type":"StAssign","lvalue":"category.generic","rvalue":{"type":"Builtin","pos":"24,9","name":"string","args":[{"type":"String","value":"suspicious","pos":"24,29"}]},"pos":"24,9","namespace":1},{"type":"StAssign","lvalue":"numfield1","rvalue":{"type":"Builtin","pos":"25,6","name":"number","args":[{"type":"Number","value":5,"pos":"25,19"}]},"pos":"25,6","namespace":1}]}}}},"finish_state":["2"],"emit":{"type":"StatementList","substatements":[{"type":"StAssign","lvalue":"correlation_name","rvalue":{"type":"Builtin","pos":"1,1","name":"string","args":[{"type":"String","value":"Suspicious_Create_Process_Ping_SelfDelete","pos":"1,1"}]},"pos":"1,1","namespace":1},{"type":"StAssign","lvalue":"correlation_name","rvalue":{"type":"Builtin","pos":"1,1","name":"string","args":[{"type":"String","value":"Suspicious_Create_Process_Ping_SelfDelete","pos":"1,1"}]},"pos":"1,1","namespace":1}]}},"Suspicious_Create_Process_Schtasks_Persistence":{"version":"c3b06e9dadce62b382b50dc617d5e966d7684711","init_state":"1","close_state":"0","transitions":{"1":{"E":{"dest":"2","custom_handler":{"type":"StatementList","substatements":[{"type":"StAssign","lvalue":"object.process.parent.id","rvalue":{"type":"Builtin","pos":"13,9","name":"string","args":[{"type":"Variable","name":"object.process.parent.id","pos":"13,37","namespace":2}]},"pos":"13,9","namespace":1},{"type":"StAssign","lvalue":"object.process.parent.fullpath","rvalue":{"type":"Builtin","pos":"14,9","name":"string","args":[{"type":"Variable","name":"object.process.parent.fullpath","pos":"14,43","namespace":2}]},"pos":"14,9","namespace":1},{"type":"StAssign","lvalue":"object.process.parent.name","rvalue":{"type":"Builtin","pos":"15,9","name":"string","args":[{"type":"Variable","name":"object.process.parent.name","pos":"15,39","namespace":2}]},"pos":"15,9","namespace":1},{"type":"StAssign","lvalue":"object.process.fullpath","rvalue":{"type":"Builtin","pos":"17,9","name":"string","args":[{"type":"Variable","name":"object.process.fullpath","pos":"17,36","namespace":2}]},"pos":"17,9","namespace":1},{"type":"StAssign","lvalue":"object.process.id","rvalue":{"type":"Builtin","pos":"18,9","name":"string","args":[{"type":"Variable","name":"object.process.id","pos":"18,30","namespace":2}]},"pos":"18,9","namespace":1},{"type":"StAssign","lvalue":"object.process.name","rvalue":{"type":"Builtin","pos":"19,9","name":"string","args":[{"type":"Variable","name":"object.process.name","pos":"19,32","namespace":2}]},"pos":"19,9","namespace":1},{"type":"StAssign","lvalue":"object.process.cmdline","rvalue":{"type":"Builtin","pos":"20,9","name":"string","args":[{"type":"Variable","name":"object.process.cmdline","pos":"20,35","namespace":2}]},"pos":"20,9","namespace":1},{"type":"StAssign","lvalue":"category.high","rvalue":{"type":"Builtin","pos":"22,9","name":"string","args":[{"type":"String","value":"Suspicious_Create_Process_Schtasks_Persistence","pos":"22,26"}]},"pos":"22,9","namespace":1},{"type":"StAssign","lvalue":"category.generic","rvalue":{"type":"Builtin","pos":"23,9","name":"string","args":[{"type":"String","value":"suspicious","pos":"23,29"}]},"pos":"23,9","namespace":1},{"type":"StAssign","lvalue":"numfield1","rvalue":{"type":"Builtin","pos":"24,3","name":"number","args":[{"type":"Number","value":3,"pos":"24,16"}]},"pos":"24,3","namespace":1}]}}}},"finish_state":["2"],"emit":{"type":"StatementList","substatements":[{"type":"StAssign","lvalue":"correlation_name","rvalue":{"type":"Builtin","pos":"1,1","name":"string","args":[{"type":"String","value":"Suspicious_Create_Process_Schtasks_Persistence","pos":"1,1"}]},"pos":"1,1","namespace":1},{"type":"StAssign","lvalue":"correlation_name","rvalue":{"type":"Builtin","pos":"1,1","name":"string","args":[{"type":"String","value":"Suspicious_Create_Process_Schtasks_Persistence","pos":"1,1"}]},"pos":"1,1","namespace":1}]}},"Suspicious_Write_File_USB_AirSpread":{"version":"d86901b034395d0e05f68b1d73f47ee6ddeb936b","init_state":"1","close_state":"0","transitions":{"1":{"E":{"dest":"2","custom_handler":{"type":"StatementList","substatements":[{"type":"StAssign","lvalue":"subject.process.id","rvalue":{"type":"Builtin","pos":"19,9","name":"string","args":[{"type":"Variable","name":"subject.process.id","pos":"19,31","namespace":2}]},"pos":"19,9","namespace":1},{"type":"StAssign","lvalue":"subject.process.fullpath","rvalue":{"type":"Builtin","pos":"20,9","name":"string","args":[{"type":"Variable","name":"subject.process.fullpath","pos":"20,37","namespace":2}]},"pos":"20,9","namespace":1},{"type":"StAssign","lvalue":"subject.process.name","rvalue":{"type":"Builtin","pos":"21,9","name":"string","args":[{"type":"Variable","name":"subject.process.name","pos":"21,33","namespace":2}]},"pos":"21,9","namespace":1},{"type":"StAssign","lvalue":"subject.process.path","rvalue":{"type":"Builtin","pos":"22,9","name":"string","args":[{"type":"Variable","name":"subject.process.path","pos":"22,33","namespace":2}]},"pos":"22,9","namespace":1},{"type":"StAssign","lvalue":"object.fullpath","rvalue":{"type":"Builtin","pos":"24,9","name":"string","args":[{"type":"Variable","name":"object.fullpath","pos":"24,28","namespace":2}]},"pos":"24,9","namespace":1},{"type":"StAssign","lvalue":"object.name","rvalue":{"type":"Builtin","pos":"25,9","name":"string","args":[{"type":"Variable","name":"object.name","pos":"25,24","namespace":2}]},"pos":"25,9","namespace":1},{"type":"StAssign","lvalue":"object.path","rvalue":{"type":"Builtin","pos":"26,9","name":"string","args":[{"type":"Variable","name":"object.path","pos":"26,24","namespace":2}]},"pos":"26,9","namespace":1},{"type":"StAssign","lvalue":"category.high","rvalue":{"type":"Builtin","pos":"28,9","name":"string","args":[{"type":"String","value":"Suspicious_Write_File_USB_AirSpread","pos":"28,26"}]},"pos":"28,9","namespace":1},{"type":"StAssign","lvalue":"category.generic","rvalue":{"type":"Builtin","pos":"29,9","name":"string","args":[{"type":"String","value":"suspicious","pos":"29,29"}]},"pos":"29,9","namespace":1},{"type":"StAssign","lvalue":"numfield1","rvalue":{"type":"Builtin","pos":"30,9","name":"number","args":[{"type":"Number","value":8,"pos":"30,22"}]},"pos":"30,9","namespace":1}]}}}},"finish_state":["2"],"emit":{"type":"StatementList","substatements":[{"type":"StAssign","lvalue":"correlation_name","rvalue":{"type":"Builtin","pos":"1,1","name":"string","args":[{"type":"String","value":"Suspicious_Write_File_USB_AirSpread","pos":"1,1"}]},"pos":"1,1","namespace":1},{"type":"StAssign","lvalue":"correlation_name","rvalue":{"type":"Builtin","pos":"1,1","name":"string","args":[{"type":"String","value":"Suspicious_Write_File_USB_AirSpread","pos":"1,1"}]},"pos":"1,1","namespace":1}]}},"Suspicious_Write_Process_Inject_CreateRemoteThread":{"window":10,"version":"112c5f2126f80c0c4fc2a69092818b73066226ba","init_state":"1","close_state":"0","transitions":{"1":{"E1":{"dest":"2","custom_handler":{"type":"StatementList","substatements":[{"type":"StAssign","lvalue":"object.property","rvalue":{"type":"Builtin","pos":"25,9","name":"string","args":[{"type":"Variable","name":"object.property","pos":"25,28","namespace":2}]},"pos":"25,9","namespace":1},{"type":"StAssign","lvalue":"object.value","rvalue":{"type":"Builtin","pos":"26,9","name":"string","args":[{"type":"Variable","name":"object.value","pos":"26,25","namespace":2}]},"pos":"26,9","namespace":1}]}}},"2":{"E2":{"dest":"3","custom_handler":{"type":"StatementList","substatements":[{"type":"StAssign","lvalue":"subject.process.id","rvalue":{"type":"Builtin","pos":"29,9","name":"string","args":[{"type":"Variable","name":"subject.process.id","pos":"29,31","namespace":2}]},"pos":"29,9","namespace":1},{"type":"StAssign","lvalue":"subject.process.name","rvalue":{"type":"Builtin","pos":"30,9","name":"string","args":[{"type":"Variable","name":"subject.process.name","pos":"30,33","namespace":2}]},"pos":"30,9","namespace":1},{"type":"StAssign","lvalue":"subject.process.path","rvalue":{"type":"Builtin","pos":"31,9","name":"string","args":[{"type":"Variable","name":"subject.process.path","pos":"31,33","namespace":2}]},"pos":"31,9","namespace":1},{"type":"StAssign","lvalue":"subject.process.fullpath","rvalue":{"type":"Builtin","pos":"32,9","name":"string","args":[{"type":"Variable","name":"subject.process.fullpath","pos":"32,37","namespace":2}]},"pos":"32,9","namespace":1},{"type":"StAssign","lvalue":"subject.process.guid","rvalue":{"type":"Builtin","pos":"33,9","name":"string","args":[{"type":"Variable","name":"subject.process.guid","pos":"33,33","namespace":2}]},"pos":"33,9","namespace":1},{"type":"StAssign","lvalue":"object.process.id","rvalue":{"type":"Builtin","pos":"35,9","name":"string","args":[{"type":"Variable","name":"object.process.id","pos":"35,30","namespace":2}]},"pos":"35,9","namespace":1},{"type":"StAssign","lvalue":"object.process.name","rvalue":{"type":"Builtin","pos":"36,9","name":"string","args":[{"type":"Variable","name":"object.process.name","pos":"36,32","namespace":2}]},"pos":"36,9","namespace":1},{"type":"StAssign","lvalue":"object.process.path","rvalue":{"type":"Builtin","pos":"37,9","name":"string","args":[{"type":"Variable","name":"object.process.cmdline","pos":"37,32","namespace":2}]},"pos":"37,9","namespace":1},{"type":"StAssign","lvalue":"object.process.fullpath","rvalue":{"type":"Builtin","pos":"38,9","name":"string","args":[{"type":"Variable","name":"object.process.fullpath","pos":"38,36","namespace":2}]},"pos":"38,9","namespace":1},{"type":"StAssign","lvalue":"object.process.guid","rvalue":{"type":"Builtin","pos":"39,9","name":"string","args":[{"type":"Variable","name":"object.process.guid","pos":"39,32","namespace":2}]},"pos":"39,9","namespace":1},{"type":"StAssign","lvalue":"datafield6","rvalue":{"type":"Builtin","pos":"42,9","name":"string","args":[{"type":"Variable","name":"datafield6","pos":"42,23","namespace":2}]},"pos":"42,9","namespace":1},{"type":"StAssign","lvalue":"category.high","rvalue":{"type":"Builtin","pos":"44,9","name":"string","args":[{"type":"String","value":"Suspicious_Write_Process_Inject_CreateRemoteThread","pos":"44,26"}]},"pos":"44,9","namespace":1},{"type":"StAssign","lvalue":"category.generic","rvalue":{"type":"Builtin","pos":"45,9","name":"string","args":[{"type":"String","value":"suspicious","pos":"45,29"}]},"pos":"45,9","namespace":1},{"type":"StAssign","lvalue":"numfield1","rvalue":{"type":"Builtin","pos":"46,3","name":"number","args":[{"type":"Number","value":10,"pos":"46,16"}]},"pos":"46,3","namespace":1}]}}}},"finish_state":["3"],"emit":{"type":"StatementList","substatements":[{"type":"StAssign","lvalue":"correlation_name","rvalue":{"type":"Builtin","pos":"1,1","name":"string","args":[{"type":"String","value":"Suspicious_Write_Process_Inject_CreateRemoteThread","pos":"1,1"}]},"pos":"1,1","namespace":1},{"type":"StAssign","lvalue":"correlation_name","rvalue":{"type":"Builtin","pos":"1,1","name":"string","args":[{"type":"String","value":"Suspicious_Write_Process_Inject_CreateRemoteThread","pos":"1,1"}]},"pos":"1,1","namespace":1}]}},"Suspicious_Write_Process_Inject_ProcessTampering":{"version":"cb7a591c8c69fa2c0b6801ec26a5486fe752788c","init_state":"1","close_state":"0","transitions":{"1":{"E1":{"inner_handler":{"name":"timer_trigger","num":"1","duration":10,"type":"SingleStart"},"dest":"3","custom_handler":{"type":"StatementList","substatements":[{"type":"StAssign","lvalue":"subject.process.id","rvalue":{"type":"Builtin","pos":"24,9","name":"string","args":[{"type":"Variable","name":"object.process.parent.id","pos":"24,31","namespace":2}]},"pos":"24,9","namespace":1},{"type":"StAssign","lvalue":"subject.process.name","rvalue":{"type":"Builtin","pos":"25,9","name":"string","args":[{"type":"Variable","name":"object.process.parent.name","pos":"25,33","namespace":2}]},"pos":"25,9","namespace":1},{"type":"StAssign","lvalue":"subject.process.path","rvalue":{"type":"Builtin","pos":"26,9","name":"string","args":[{"type":"Variable","name":"object.process.parent.path","pos":"26,33","namespace":2}]},"pos":"26,9","namespace":1},{"type":"StAssign","lvalue":"subject.process.fullpath","rvalue":{"type":"Builtin","pos":"27,9","name":"string","args":[{"type":"Variable","name":"object.process.parent.fullpath","pos":"27,37","namespace":2}]},"pos":"27,9","namespace":1},{"type":"StAssign","lvalue":"subject.process.guid","rvalue":{"type":"Builtin","pos":"28,9","name":"string","args":[{"type":"Variable","name":"object.process.parent.guid","pos":"28,33","namespace":2}]},"pos":"28,9","namespace":1},{"type":"StAssign","lvalue":"subject.process.cmdline","rvalue":{"type":"Builtin","pos":"29,9","name":"string","args":[{"type":"Variable","name":"object.process.parent.cmdline","pos":"29,36","namespace":2}]},"pos":"29,9","namespace":1},{"type":"StAssign","lvalue":"object.process.cmdline","rvalue":{"type":"Builtin","pos":"30,9","name":"string","args":[{"type":"Variable","name":"object.process.cmdline","pos":"30,35","namespace":2}]},"pos":"30,9","namespace":1}]}},"E2":{"inner_handler":{"name":"timer_trigger","num":"1","duration":10,"type":"SingleStart"},"dest":"4","custom_handler":{"type":"StatementList","substatements":[{"type":"StAssign","lvalue":"object.process.id","rvalue":{"type":"Builtin","pos":"33,9","name":"string","args":[{"type":"Variable","name":"object.process.id","pos":"33,30","namespace":2}]},"pos":"33,9","namespace":1},{"type":"StAssign","lvalue":"object.process.name","rvalue":{"type":"Builtin","pos":"34,9","name":"string","args":[{"type":"Variable","name":"object.process.name","pos":"34,32","namespace":2}]},"pos":"34,9","namespace":1},{"type":"StAssign","lvalue":"object.process.path","rvalue":{"type":"Builtin","pos":"35,9","name":"string","args":[{"type":"Variable","name":"object.process.path","pos":"35,32","namespace":2}]},"pos":"35,9","namespace":1},{"type":"StAssign","lvalue":"object.process.fullpath","rvalue":{"type":"Builtin","pos":"36,9","name":"string","args":[{"type":"Variable","name":"object.process.fullpath","pos":"36,36","namespace":2}]},"pos":"36,9","namespace":1},{"type":"StAssign","lvalue":"object.process.guid","rvalue":{"type":"Builtin","pos":"37,9","name":"string","args":[{"type":"Variable","name":"object.process.guid","pos":"37,32","namespace":2}]},"pos":"37,9","namespace":1},{"type":"StAssign","lvalue":"reason","rvalue":{"type":"Builtin","pos":"39,9","name":"string","args":[{"type":"Variable","name":"reason","pos":"39,19","namespace":2}]},"pos":"39,9","namespace":1},{"type":"StAssign","lvalue":"category.high","rvalue":{"type":"Builtin","pos":"41,9","name":"string","args":[{"type":"String","value":"Suspicious_Write_Process_Inject_ProcessTampering","pos":"41,26"}]},"pos":"41,9","namespace":1},{"type":"StAssign","lvalue":"category.generic","rvalue":{"type":"Builtin","pos":"42,9","name":"string","args":[{"type":"String","value":"suspicious","pos":"42,29"}]},"pos":"42,9","namespace":1},{"type":"StAssign","lvalue":"numfield1","rvalue":{"type":"Builtin","pos":"43,9","name":"number","args":[{"type":"Number","value":10,"pos":"43,22"}]},"pos":"43,9","namespace":1}]}},"timer_1":"0"},"3":{"E2":{"inner_handler":{"name":"timer_trigger","num":"1","duration":10,"type":"SingleStart"},"dest":"6","custom_handler":{"type":"StatementList","substatements":[{"type":"StAssign","lvalue":"object.process.id","rvalue":{"type":"Builtin","pos":"33,9","name":"string","args":[{"type":"Variable","name":"object.process.id","pos":"33,30","namespace":2}]},"pos":"33,9","namespace":1},{"type":"StAssign","lvalue":"object.process.name","rvalue":{"type":"Builtin","pos":"34,9","name":"string","args":[{"type":"Variable","name":"object.process.name","pos":"34,32","namespace":2}]},"pos":"34,9","namespace":1},{"type":"StAssign","lvalue":"object.process.path","rvalue":{"type":"Builtin","pos":"35,9","name":"string","args":[{"type":"Variable","name":"object.process.path","pos":"35,32","namespace":2}]},"pos":"35,9","namespace":1},{"type":"StAssign","lvalue":"object.process.fullpath","rvalue":{"type":"Builtin","pos":"36,9","name":"string","args":[{"type":"Variable","name":"object.process.fullpath","pos":"36,36","namespace":2}]},"pos":"36,9","namespace":1},{"type":"StAssign","lvalue":"object.process.guid","rvalue":{"type":"Builtin","pos":"37,9","name":"string","args":[{"type":"Variable","name":"object.process.guid","pos":"37,32","namespace":2}]},"pos":"37,9","namespace":1},{"type":"StAssign","lvalue":"reason","rvalue":{"type":"Builtin","pos":"39,9","name":"string","args":[{"type":"Variable","name":"reason","pos":"39,19","namespace":2}]},"pos":"39,9","namespace":1},{"type":"StAssign","lvalue":"category.high","rvalue":{"type":"Builtin","pos":"41,9","name":"string","args":[{"type":"String","value":"Suspicious_Write_Process_Inject_ProcessTampering","pos":"41,26"}]},"pos":"41,9","namespace":1},{"type":"StAssign","lvalue":"category.generic","rvalue":{"type":"Builtin","pos":"42,9","name":"string","args":[{"type":"String","value":"suspicious","pos":"42,29"}]},"pos":"42,9","namespace":1},{"type":"StAssign","lvalue":"numfield1","rvalue":{"type":"Builtin","pos":"43,9","name":"number","args":[{"type":"Number","value":10,"pos":"43,22"}]},"pos":"43,9","namespace":1}]}},"timer_1":"0"},"4":{"E1":{"inner_handler":{"name":"timer_trigger","num":"1","duration":10,"type":"SingleStart"},"dest":"6","custom_handler":{"type":"StatementList","substatements":[{"type":"StAssign","lvalue":"subject.process.id","rvalue":{"type":"Builtin","pos":"24,9","name":"string","args":[{"type":"Variable","name":"object.process.parent.id","pos":"24,31","namespace":2}]},"pos":"24,9","namespace":1},{"type":"StAssign","lvalue":"subject.process.name","rvalue":{"type":"Builtin","pos":"25,9","name":"string","args":[{"type":"Variable","name":"object.process.parent.name","pos":"25,33","namespace":2}]},"pos":"25,9","namespace":1},{"type":"StAssign","lvalue":"subject.process.path","rvalue":{"type":"Builtin","pos":"26,9","name":"string","args":[{"type":"Variable","name":"object.process.parent.path","pos":"26,33","namespace":2}]},"pos":"26,9","namespace":1},{"type":"StAssign","lvalue":"subject.process.fullpath","rvalue":{"type":"Builtin","pos":"27,9","name":"string","args":[{"type":"Variable","name":"object.process.parent.fullpath","pos":"27,37","namespace":2}]},"pos":"27,9","namespace":1},{"type":"StAssign","lvalue":"subject.process.guid","rvalue":{"type":"Builtin","pos":"28,9","name":"string","args":[{"type":"Variable","name":"object.process.parent.guid","pos":"28,33","namespace":2}]},"pos":"28,9","namespace":1},{"type":"StAssign","lvalue":"subject.process.cmdline","rvalue":{"type":"Builtin","pos":"29,9","name":"string","args":[{"type":"Variable","name":"object.process.parent.cmdline","pos":"29,36","namespace":2}]},"pos":"29,9","namespace":1},{"type":"StAssign","lvalue":"object.process.cmdline","rvalue":{"type":"Builtin","pos":"30,9","name":"string","args":[{"type":"Variable","name":"object.process.cmdline","pos":"30,35","namespace":2}]},"pos":"30,9","namespace":1}]}},"timer_1":"6"}},"finish_state":["6"],"emit":{"type":"StatementList","substatements":[{"type":"StAssign","lvalue":"correlation_name","rvalue":{"type":"Builtin","pos":"1,1","name":"string","args":[{"type":"String","value":"Suspicious_Write_Process_Inject_ProcessTampering","pos":"1,1"}]},"pos":"1,1","namespace":1},{"type":"StAssign","lvalue":"correlation_name","rvalue":{"type":"Builtin","pos":"1,1","name":"string","args":[{"type":"String","value":"Suspicious_Write_Process_Inject_ProcessTampering","pos":"1,1"}]},"pos":"1,1","namespace":1}]}},"Suspicious_Write_Registry_Key_LsaComponents":{"version":"f9e1de782954907fe71e63db106b705110060acd","init_state":"1","close_state":"0","transitions":{"1":{"E":{"dest":"2","custom_handler":{"type":"StatementList","substatements":[{"type":"StAssign","lvalue":"subject.process.id","rvalue":{"type":"Builtin","pos":"30,9","name":"string","args":[{"type":"Variable","name":"subject.process.id","pos":"30,31","namespace":2}]},"pos":"30,9","namespace":1},{"type":"StAssign","lvalue":"subject.process.fullpath","rvalue":{"type":"Builtin","pos":"31,9","name":"string","args":[{"type":"Variable","name":"subject.process.fullpath","pos":"31,37","namespace":2}]},"pos":"31,9","namespace":1},{"type":"StAssign","lvalue":"subject.process.name","rvalue":{"type":"Builtin","pos":"32,9","name":"string","args":[{"type":"Variable","name":"subject.process.name","pos":"32,33","namespace":2}]},"pos":"32,9","namespace":1},{"type":"StAssign","lvalue":"object.name","rvalue":{"type":"Builtin","pos":"34,9","name":"string","args":[{"type":"Variable","name":"object.name","pos":"34,24","namespace":2}]},"pos":"34,9","namespace":1},{"type":"StAssign","lvalue":"object.path","rvalue":{"type":"Builtin","pos":"35,9","name":"string","args":[{"type":"Variable","name":"object.path","pos":"35,24","namespace":2}]},"pos":"35,9","namespace":1},{"type":"StAssign","lvalue":"object.fullpath","rvalue":{"type":"Builtin","pos":"36,9","name":"string","args":[{"type":"Variable","name":"object.fullpath","pos":"36,28","namespace":2}]},"pos":"36,9","namespace":1},{"type":"StAssign","lvalue":"object.type","rvalue":{"type":"Builtin","pos":"37,9","name":"string","args":[{"type":"Variable","name":"object.type","pos":"37,24","namespace":2}]},"pos":"37,9","namespace":1},{"type":"StAssign","lvalue":"object.property","rvalue":{"type":"Builtin","pos":"38,9","name":"string","args":[{"type":"Variable","name":"object.property","pos":"38,28","namespace":2}]},"pos":"38,9","namespace":1},{"type":"StAssign","lvalue":"object.value","rvalue":{"type":"Builtin","pos":"39,9","name":"string","args":[{"type":"Variable","name":"object.value","pos":"39,25","namespace":2}]},"pos":"39,9","namespace":1},{"type":"StAssign","lvalue":"object.new_value","rvalue":{"type":"Builtin","pos":"40,9","name":"string","args":[{"type":"Variable","name":"object.new_value","pos":"40,29","namespace":2}]},"pos":"40,9","namespace":1},{"type":"StAssign","lvalue":"category.high","rvalue":{"type":"Builtin","pos":"42,9","name":"string","args":[{"type":"String","value":"Suspicious_Write_Registry_Key_LsaComponents","pos":"42,26"}]},"pos":"42,9","namespace":1},{"type":"StAssign","lvalue":"category.generic","rvalue":{"type":"Builtin","pos":"43,9","name":"string","args":[{"type":"String","value":"suspicious","pos":"43,29"}]},"pos":"43,9","namespace":1},{"type":"StAssign","lvalue":"numfield1","rvalue":{"type":"Builtin","pos":"44,3","name":"number","args":[{"type":"Number","value":8,"pos":"44,16"}]},"pos":"44,3","namespace":1}]}}}},"finish_state":["2"],"emit":{"type":"StatementList","substatements":[{"type":"StAssign","lvalue":"correlation_name","rvalue":{"type":"Builtin","pos":"1,1","name":"string","args":[{"type":"String","value":"Suspicious_Write_Registry_Key_LsaComponents","pos":"1,1"}]},"pos":"1,1","namespace":1},{"type":"StAssign","lvalue":"correlation_name","rvalue":{"type":"Builtin","pos":"1,1","name":"string","args":[{"type":"String","value":"Suspicious_Write_Registry_Key_LsaComponents","pos":"1,1"}]},"pos":"1,1","namespace":1}]}},"Suspicious_Write_Registry_Key_SafeBoot":{"version":"a460efc258cbe2cfa8f31cfeac1f1c0326676faa","init_state":"1","close_state":"0","transitions":{"1":{"E":{"dest":"2","custom_handler":{"type":"StatementList","substatements":[{"type":"StAssign","lvalue":"subject.process.id","rvalue":{"type":"Builtin","pos":"14,9","name":"string","args":[{"type":"Variable","name":"subject.process.id","pos":"14,31","namespace":2}]},"pos":"14,9","namespace":1},{"type":"StAssign","lvalue":"subject.process.fullpath","rvalue":{"type":"Builtin","pos":"15,9","name":"string","args":[{"type":"Variable","name":"subject.process.fullpath","pos":"15,37","namespace":2}]},"pos":"15,9","namespace":1},{"type":"StAssign","lvalue":"subject.process.name","rvalue":{"type":"Builtin","pos":"16,9","name":"string","args":[{"type":"Variable","name":"subject.process.name","pos":"16,33","namespace":2}]},"pos":"16,9","namespace":1},{"type":"StAssign","lvalue":"object.name","rvalue":{"type":"Builtin","pos":"18,9","name":"string","args":[{"type":"Variable","name":"object.name","pos":"18,24","namespace":2}]},"pos":"18,9","namespace":1},{"type":"StAssign","lvalue":"object.path","rvalue":{"type":"Builtin","pos":"19,9","name":"string","args":[{"type":"Variable","name":"object.path","pos":"19,24","namespace":2}]},"pos":"19,9","namespace":1},{"type":"StAssign","lvalue":"object.fullpath","rvalue":{"type":"Builtin","pos":"20,9","name":"string","args":[{"type":"Variable","name":"object.fullpath","pos":"20,28","namespace":2}]},"pos":"20,9","namespace":1},{"type":"StAssign","lvalue":"object.type","rvalue":{"type":"Builtin","pos":"21,9","name":"string","args":[{"type":"Variable","name":"object.type","pos":"21,24","namespace":2}]},"pos":"21,9","namespace":1},{"type":"StAssign","lvalue":"object.property","rvalue":{"type":"Builtin","pos":"22,9","name":"string","args":[{"type":"Variable","name":"object.property","pos":"22,28","namespace":2}]},"pos":"22,9","namespace":1},{"type":"StAssign","lvalue":"object.value","rvalue":{"type":"Builtin","pos":"23,9","name":"string","args":[{"type":"Variable","name":"object.value","pos":"23,25","namespace":2}]},"pos":"23,9","namespace":1},{"type":"StAssign","lvalue":"object.new_value","rvalue":{"type":"Builtin","pos":"24,9","name":"string","args":[{"type":"Variable","name":"object.new_value","pos":"24,29","namespace":2}]},"pos":"24,9","namespace":1},{"type":"StAssign","lvalue":"category.high","rvalue":{"type":"Builtin","pos":"26,9","name":"string","args":[{"type":"String","value":"Suspicious_Write_Registry_Key_SafeBoot","pos":"26,26"}]},"pos":"26,9","namespace":1},{"type":"StAssign","lvalue":"category.generic","rvalue":{"type":"Builtin","pos":"27,9","name":"string","args":[{"type":"String","value":"suspicious","pos":"27,29"}]},"pos":"27,9","namespace":1},{"type":"StAssign","lvalue":"numfield1","rvalue":{"type":"Builtin","pos":"28,3","name":"number","args":[{"type":"Number","value":8,"pos":"28,16"}]},"pos":"28,3","namespace":1}]}}}},"finish_state":["2"],"emit":{"type":"StatementList","substatements":[{"type":"StAssign","lvalue":"correlation_name","rvalue":{"type":"Builtin","pos":"1,1","name":"string","args":[{"type":"String","value":"Suspicious_Write_Registry_Key_SafeBoot","pos":"1,1"}]},"pos":"1,1","namespace":1},{"type":"StAssign","lvalue":"correlation_name","rvalue":{"type":"Builtin","pos":"1,1","name":"string","args":[{"type":"String","value":"Suspicious_Write_Registry_Key_SafeBoot","pos":"1,1"}]},"pos":"1,1","namespace":1}]}},"Suspicious_Write_Registry_Key_ScreenSaver":{"version":"8190000344af0b276a044a0473d2a2dfdcb2638e","init_state":"1","close_state":"0","transitions":{"1":{"E":{"dest":"2","custom_handler":{"type":"StatementList","substatements":[{"type":"StAssign","lvalue":"subject.process.id","rvalue":{"type":"Builtin","pos":"16,9","name":"string","args":[{"type":"Variable","name":"subject.process.id","pos":"16,31","namespace":2}]},"pos":"16,9","namespace":1},{"type":"StAssign","lvalue":"subject.process.name","rvalue":{"type":"Builtin","pos":"17,3","name":"string","args":[{"type":"Variable","name":"subject.process.name","pos":"17,27","namespace":2}]},"pos":"17,3","namespace":1},{"type":"StAssign","lvalue":"subject.process.fullpath","rvalue":{"type":"Builtin","pos":"18,9","name":"string","args":[{"type":"Variable","name":"subject.process.fullpath","pos":"18,37","namespace":2}]},"pos":"18,9","namespace":1},{"type":"StAssign","lvalue":"subject.process.path","rvalue":{"type":"Builtin","pos":"19,9","name":"string","args":[{"type":"Variable","name":"subject.process.path","pos":"19,33","namespace":2}]},"pos":"19,9","namespace":1},{"type":"StAssign","lvalue":"object.name","rvalue":{"type":"Builtin","pos":"21,9","name":"string","args":[{"type":"Variable","name":"object.name","pos":"21,24","namespace":2}]},"pos":"21,9","namespace":1},{"type":"StAssign","lvalue":"object.path","rvalue":{"type":"Builtin","pos":"22,9","name":"string","args":[{"type":"Variable","name":"object.path","pos":"22,24","namespace":2}]},"pos":"22,9","namespace":1},{"type":"StAssign","lvalue":"object.fullpath","rvalue":{"type":"Builtin","pos":"23,9","name":"string","args":[{"type":"Variable","name":"object.fullpath","pos":"23,28","namespace":2}]},"pos":"23,9","namespace":1},{"type":"StAssign","lvalue":"object.property","rvalue":{"type":"Builtin","pos":"24,9","name":"string","args":[{"type":"Variable","name":"object.property","pos":"24,28","namespace":2}]},"pos":"24,9","namespace":1},{"type":"StAssign","lvalue":"object.new_value","rvalue":{"type":"Builtin","pos":"25,9","name":"string","args":[{"type":"Variable","name":"object.new_value","pos":"25,29","namespace":2}]},"pos":"25,9","namespace":1},{"type":"StAssign","lvalue":"object.value","rvalue":{"type":"Builtin","pos":"26,9","name":"string","args":[{"type":"Variable","name":"object.value","pos":"26,25","namespace":2}]},"pos":"26,9","namespace":1},{"type":"StAssign","lvalue":"category.high","rvalue":{"type":"Builtin","pos":"28,9","name":"string","args":[{"type":"String","value":"Suspicious_Write_Registry_Key_ScreenSaver","pos":"28,26"}]},"pos":"28,9","namespace":1},{"type":"StAssign","lvalue":"category.generic","rvalue":{"type":"Builtin","pos":"29,9","name":"string","args":[{"type":"String","value":"suspicious","pos":"29,29"}]},"pos":"29,9","namespace":1},{"type":"StAssign","lvalue":"numfield1","rvalue":{"type":"Builtin","pos":"30,9","name":"number","args":[{"type":"Number","value":3,"pos":"30,22"}]},"pos":"30,9","namespace":1}]}}}},"finish_state":["2"],"emit":{"type":"StatementList","substatements":[{"type":"StAssign","lvalue":"correlation_name","rvalue":{"type":"Builtin","pos":"1,1","name":"string","args":[{"type":"String","value":"Suspicious_Write_Registry_Key_ScreenSaver","pos":"1,1"}]},"pos":"1,1","namespace":1},{"type":"StAssign","lvalue":"correlation_name","rvalue":{"type":"Builtin","pos":"1,1","name":"string","args":[{"type":"String","value":"Suspicious_Write_Registry_Key_ScreenSaver","pos":"1,1"}]},"pos":"1,1","namespace":1}]}}}}