{"_build_info":{"sdk":"ptrc 25.0.2267","version":"unknown","taxonomy":"25.0.619-develop","taxonomy_version":"25.0.619-develop","date":"2022-11-21T11:45:50Z"},"tables":{"Suspicious_ProcessName_FalseAlarm":{"description":"Known process masks for Linux which should be excluded from suspicious detections","fillType":"Registry","objectId":"XDR-TL-6","kind":"core","maxSize":9999,"ttl":0,"type":1,"typicalSize":6666,"userCanEditContent":true,"fields":{"_id":{"index":true,"nullable":false,"primaryKey":false,"unique":true,"type":"Number"},"_last_changed":{"index":true,"nullable":false,"primaryKey":false,"unique":false,"type":"Datetime"},"complex_key":{"index":true,"nullable":false,"primaryKey":true,"unique":true,"type":"composite","compositeFields":["rule_name","process_name_regex"]},"process_name_regex":{"index":false,"nullable":false,"primaryKey":false,"unique":false,"type":"Regex"},"rule_name":{"index":false,"nullable":false,"primaryKey":false,"unique":false,"type":"String"}}}},"table_bindings":{},"event_fields":{"common":["dst.asset","dst.hostname","dst.ip","src.asset","src.hostname","src.ip","time","uuid","historical","recv_asset","event_src.asset","asset_ids","count"],"routes":[]},"queries":{},"routes":{"type":"StatementList","substatements":[]},"rules":{}}