{"_build_info":{"sdk":"ptrc 25.0.2267","version":"unknown","taxonomy":"25.0.619-develop","taxonomy_version":"25.0.619-develop","date":"2022-11-21T11:45:50Z"},"tables":{"Suspicious_ProcessName_FalseAlarm":{"description":"Known process masks for Linux which should be excluded from suspicious detections","fillType":"Registry","objectId":"XDR-TL-6","kind":"core","maxSize":9999,"ttl":0,"type":1,"typicalSize":6666,"userCanEditContent":true,"fields":{"_id":{"index":true,"nullable":false,"primaryKey":false,"unique":true,"type":"Number"},"_last_changed":{"index":true,"nullable":false,"primaryKey":false,"unique":false,"type":"Datetime"},"complex_key":{"index":true,"nullable":false,"primaryKey":true,"unique":true,"type":"composite","compositeFields":["rule_name","process_name_regex"]},"process_name_regex":{"index":false,"nullable":false,"primaryKey":false,"unique":false,"type":"Regex"},"rule_name":{"index":false,"nullable":false,"primaryKey":false,"unique":false,"type":"String"}}}},"table_bindings":{"Suspicious_ProcessName_FalseAlarm":{"read_by":["Suspicious_Read_File_Passwd_CredentialsEnumeration","Suspicious_Read_File_Shadow_CredentialsDumping","Suspicious_Write_Process_Inject_Ptrace"]}},"event_fields":{"common":["dst.asset","dst.hostname","dst.ip","src.asset","src.hostname","src.ip","time","uuid","historical","recv_asset","event_src.asset","asset_ids","count"],"routes":[["datafield7","object.id","object.process.id","object.value","subject.process.fullpath","subject.process.id","subject.process.name","subject.process.parent.id","subject.process.path"],["event_src.host","object.fullpath","object.name","object.path","subject.process.fullpath","subject.process.id","subject.process.name","subject.process.path"],["event_src.host","object.fullpath","object.state","subject.process.fullpath","subject.process.id","subject.process.meta","subject.process.name","subject.process.parent.id","subject.process.path"],["event_src.host","object.fullpath","subject.process.fullpath","subject.process.id","subject.process.meta","subject.process.name","subject.process.parent.id","subject.process.path"],["event_src.host","object.process.cmdline","object.process.fullpath","object.process.id","object.process.name","object.process.parent.id","object.process.path"],["subject.process.fullpath","subject.process.id","subject.process.name","subject.process.parent.id","subject.process.path"],["subject.process.parent.id"]]},"queries":{"inline_query_Suspicious_Read_File_Passwd_CredentialsEnumeration_1__02589c6c881f246ce99511be6b34fc6ffcba9cae":{"collection":"Suspicious_ProcessName_FalseAlarm","body":{"type":"Builtin","pos":"3,9","name":"and","args":[{"type":"Builtin","pos":"3,9","name":"==","args":[{"type":"Variable","name":"rule_name","pos":"3,9","namespace":3},{"type":"String","value":"Suspicious_Read_File_Passwd_CredentialsEnumeration","pos":"26,55"}]},{"type":"Builtin","pos":"4,13","name":"regex_match","args":[{"type":"Variable","name":"$1","pos":"26,109","namespace":0},{"type":"Variable","name":"process_name_regex","pos":"4,44","namespace":3}]}]}},"inline_query_Suspicious_Read_File_Shadow_CredentialsDumping_1__02589c6c881f246ce99511be6b34fc6ffcba9cae":{"collection":"Suspicious_ProcessName_FalseAlarm","body":{"type":"Builtin","pos":"3,9","name":"and","args":[{"type":"Builtin","pos":"3,9","name":"==","args":[{"type":"Variable","name":"rule_name","pos":"3,9","namespace":3},{"type":"String","value":"Suspicious_Read_File_Shadow_CredentialsDumping","pos":"24,52"}]},{"type":"Builtin","pos":"4,13","name":"regex_match","args":[{"type":"Variable","name":"$1","pos":"24,102","namespace":0},{"type":"Variable","name":"process_name_regex","pos":"4,44","namespace":3}]}]}},"inline_query_Suspicious_Write_Process_Inject_Ptrace_1__02589c6c881f246ce99511be6b34fc6ffcba9cae":{"collection":"Suspicious_ProcessName_FalseAlarm","body":{"type":"Builtin","pos":"3,9","name":"and","args":[{"type":"Builtin","pos":"3,9","name":"==","args":[{"type":"Variable","name":"rule_name","pos":"3,9","namespace":3},{"type":"String","value":"Suspicious_Write_Process_Inject_Ptrace","pos":"13,52"}]},{"type":"Builtin","pos":"4,13","name":"regex_match","args":[{"type":"Variable","name":"$1","pos":"13,94","namespace":0},{"type":"Variable","name":"process_name_regex","pos":"4,44","namespace":3}]}]}}},"routes":{"type":"StatementList","substatements":[{"type":"StIf","pos":"2,5","predicate":{"type":"Builtin","pos":"2,5","name":"and","args":[{"type":"Builtin","pos":"2,5","name":"==","args":[{"type":"Variable","name":"correlation_name","pos":"2,5","namespace":2},{"type":"Null","value":null,"pos":"2,25"}]},{"type":"Builtin","pos":"8,13","name":"==","args":[{"type":"Variable","name":"event_src.title","pos":"8,13","namespace":2},{"type":"String","value":"unix_like","pos":"8,32"}]}]},"yes":{"type":"StatementList","substatements":[{"type":"StSwitch","pos":"10,16","var":{"type":"Variable","name":"action","pos":"10,16","namespace":2},"cases":[{"case_cond":{"type":"String","value":"create","pos":"10,26"},"case_body":{"type":"StatementList","substatements":[{"type":"StAssign","lvalue":"$1","rvalue":{"type":"Builtin","pos":"13,19","name":"lower","args":[{"type":"Variable","name":"object.name","pos":"13,25","namespace":2}]},"pos":"13,19","namespace":0},{"type":"StSwitch","pos":"13,13","var":{"type":"Variable","name":"object.path","pos":"13,13","namespace":2},"cases":[{"case_cond":{"type":"String","value":"/var/spool/cron","pos":"15,31"},"case_body":{"type":"StatementList","substatements":[{"type":"StAssign","lvalue":"_correlation_id","rvalue":{"type":"Builtin","pos":"8,9","name":"append","args":[{"type":"Variable","name":"_correlation_id","pos":"8,9","namespace":0},{"type":"List","value":[{"type":"String","value":"event_src.host","pos":"8,9"}],"pos":"8,9"}]},"pos":null,"namespace":0},{"type":"StAssign","lvalue":"_rule_name","rvalue":{"type":"Builtin","pos":"8,9","name":"append","args":[{"type":"Variable","name":"_rule_name","pos":"8,9","namespace":0},{"type":"String","value":"Suspicious_Create_File_Scheduler_Cron","pos":"8,9"}]},"pos":null,"namespace":0},{"type":"StAssign","lvalue":"_rule_version","rvalue":{"type":"Builtin","pos":"8,9","name":"append","args":[{"type":"Variable","name":"_rule_version","pos":"8,9","namespace":0},{"type":"String","value":"96d841805bd78a9d9629626760c1edad019126cf","pos":"8,9"}]},"pos":null,"namespace":0},{"type":"StAssign","lvalue":"_event_name","rvalue":{"type":"Builtin","pos":"8,9","name":"append","args":[{"type":"Variable","name":"_event_name","pos":"8,9","namespace":0},{"type":"String","value":"E","pos":"8,9"}]},"pos":null,"namespace":0},{"type":"StAssign","lvalue":"_required_fields","rvalue":{"type":"Builtin","pos":"8,9","name":"append","args":[{"type":"Variable","name":"_required_fields","pos":"8,9","namespace":0},{"type":"Number","value":1,"pos":"8,9"}]},"pos":null,"namespace":0},{"type":"StAssign","lvalue":"_with_diff_fields","rvalue":{"type":"Builtin","pos":"8,9","name":"append","args":[{"type":"Variable","name":"_with_diff_fields","pos":"8,9","namespace":0},{"type":"List","value":[],"pos":"8,9"}]},"pos":null,"namespace":0}]}},{"case_cond":{"type":"String","value":"/var/spool/cron/crontabs/","pos":"16,31"},"case_body":{"type":"StatementList","substatements":[{"type":"StAssign","lvalue":"_correlation_id","rvalue":{"type":"Builtin","pos":"8,9","name":"append","args":[{"type":"Variable","name":"_correlation_id","pos":"8,9","namespace":0},{"type":"List","value":[{"type":"String","value":"event_src.host","pos":"8,9"}],"pos":"8,9"}]},"pos":null,"namespace":0},{"type":"StAssign","lvalue":"_rule_name","rvalue":{"type":"Builtin","pos":"8,9","name":"append","args":[{"type":"Variable","name":"_rule_name","pos":"8,9","namespace":0},{"type":"String","value":"Suspicious_Create_File_Scheduler_Cron","pos":"8,9"}]},"pos":null,"namespace":0},{"type":"StAssign","lvalue":"_rule_version","rvalue":{"type":"Builtin","pos":"8,9","name":"append","args":[{"type":"Variable","name":"_rule_version","pos":"8,9","namespace":0},{"type":"String","value":"96d841805bd78a9d9629626760c1edad019126cf","pos":"8,9"}]},"pos":null,"namespace":0},{"type":"StAssign","lvalue":"_event_name","rvalue":{"type":"Builtin","pos":"8,9","name":"append","args":[{"type":"Variable","name":"_event_name","pos":"8,9","namespace":0},{"type":"String","value":"E","pos":"8,9"}]},"pos":null,"namespace":0},{"type":"StAssign","lvalue":"_required_fields","rvalue":{"type":"Builtin","pos":"8,9","name":"append","args":[{"type":"Variable","name":"_required_fields","pos":"8,9","namespace":0},{"type":"Number","value":1,"pos":"8,9"}]},"pos":null,"namespace":0},{"type":"StAssign","lvalue":"_with_diff_fields","rvalue":{"type":"Builtin","pos":"8,9","name":"append","args":[{"type":"Variable","name":"_with_diff_fields","pos":"8,9","namespace":0},{"type":"List","value":[],"pos":"8,9"}]},"pos":null,"namespace":0}]}},{"case_cond":{"type":"String","value":"/boot/","pos":"13,28"},"case_body":{"type":"StatementList","substatements":[{"type":"StAssign","lvalue":"_correlation_id","rvalue":{"type":"Builtin","pos":"7,9","name":"append","args":[{"type":"Variable","name":"_correlation_id","pos":"7,9","namespace":0},{"type":"List","value":[{"type":"String","value":"event_src.host","pos":"7,9"}],"pos":"7,9"}]},"pos":null,"namespace":0},{"type":"StAssign","lvalue":"_rule_name","rvalue":{"type":"Builtin","pos":"7,9","name":"append","args":[{"type":"Variable","name":"_rule_name","pos":"7,9","namespace":0},{"type":"String","value":"Suspicious_Create_File_Boot_Modification","pos":"7,9"}]},"pos":null,"namespace":0},{"type":"StAssign","lvalue":"_rule_version","rvalue":{"type":"Builtin","pos":"7,9","name":"append","args":[{"type":"Variable","name":"_rule_version","pos":"7,9","namespace":0},{"type":"String","value":"75dc3da537dc55e0fe8b2bf642cf5dae4c426d12","pos":"7,9"}]},"pos":null,"namespace":0},{"type":"StAssign","lvalue":"_event_name","rvalue":{"type":"Builtin","pos":"7,9","name":"append","args":[{"type":"Variable","name":"_event_name","pos":"7,9","namespace":0},{"type":"String","value":"E","pos":"7,9"}]},"pos":null,"namespace":0},{"type":"StAssign","lvalue":"_required_fields","rvalue":{"type":"Builtin","pos":"7,9","name":"append","args":[{"type":"Variable","name":"_required_fields","pos":"7,9","namespace":0},{"type":"Number","value":1,"pos":"7,9"}]},"pos":null,"namespace":0},{"type":"StAssign","lvalue":"_with_diff_fields","rvalue":{"type":"Builtin","pos":"7,9","name":"append","args":[{"type":"Variable","name":"_with_diff_fields","pos":"7,9","namespace":0},{"type":"List","value":[],"pos":"7,9"}]},"pos":null,"namespace":0}]}}]},{"type":"StIf","pos":"13,13","predicate":{"type":"Builtin","pos":"13,13","name":"match","args":[{"type":"Variable","name":"$1","pos":"13,19","namespace":0},{"type":"String","value":"gconv_path=*","pos":"13,39"}]},"yes":{"type":"StatementList","substatements":[{"type":"StAssign","lvalue":"_correlation_id","rvalue":{"type":"Builtin","pos":"7,9","name":"append","args":[{"type":"Variable","name":"_correlation_id","pos":"7,9","namespace":0},{"type":"List","value":[{"type":"String","value":"subject.process.parent.id","pos":"7,9"}],"pos":"7,9"}]},"pos":null,"namespace":0},{"type":"StAssign","lvalue":"_rule_name","rvalue":{"type":"Builtin","pos":"7,9","name":"append","args":[{"type":"Variable","name":"_rule_name","pos":"7,9","namespace":0},{"type":"String","value":"Malware_Exploit_Elf_CVE_2021_4034_a","pos":"7,9"}]},"pos":null,"namespace":0},{"type":"StAssign","lvalue":"_rule_version","rvalue":{"type":"Builtin","pos":"7,9","name":"append","args":[{"type":"Variable","name":"_rule_version","pos":"7,9","namespace":0},{"type":"String","value":"7b9784edd8571ae75435e0710c517774bbd084b5","pos":"7,9"}]},"pos":null,"namespace":0},{"type":"StAssign","lvalue":"_event_name","rvalue":{"type":"Builtin","pos":"7,9","name":"append","args":[{"type":"Variable","name":"_event_name","pos":"7,9","namespace":0},{"type":"String","value":"E1","pos":"7,9"}]},"pos":null,"namespace":0},{"type":"StAssign","lvalue":"_required_fields","rvalue":{"type":"Builtin","pos":"7,9","name":"append","args":[{"type":"Variable","name":"_required_fields","pos":"7,9","namespace":0},{"type":"Number","value":6,"pos":"7,9"}]},"pos":null,"namespace":0},{"type":"StAssign","lvalue":"_with_diff_fields","rvalue":{"type":"Builtin","pos":"7,9","name":"append","args":[{"type":"Variable","name":"_with_diff_fields","pos":"7,9","namespace":0},{"type":"List","value":[],"pos":"7,9"}]},"pos":null,"namespace":0}]},"no":{"type":"StatementList","substatements":[]}},{"type":"StIf","pos":"25,13","predicate":{"type":"Builtin","pos":"25,13","name":"match","args":[{"type":"Variable","name":"$1","pos":"13,19","namespace":0},{"type":"String","value":"*gconv-modules*","pos":"25,39"}]},"yes":{"type":"StatementList","substatements":[{"type":"StAssign","lvalue":"_correlation_id","rvalue":{"type":"Builtin","pos":"19,9","name":"append","args":[{"type":"Variable","name":"_correlation_id","pos":"19,9","namespace":0},{"type":"List","value":[{"type":"String","value":"subject.process.parent.id","pos":"19,9"}],"pos":"19,9"}]},"pos":null,"namespace":0},{"type":"StAssign","lvalue":"_rule_name","rvalue":{"type":"Builtin","pos":"19,9","name":"append","args":[{"type":"Variable","name":"_rule_name","pos":"19,9","namespace":0},{"type":"String","value":"Malware_Exploit_Elf_CVE_2021_4034_a","pos":"19,9"}]},"pos":null,"namespace":0},{"type":"StAssign","lvalue":"_rule_version","rvalue":{"type":"Builtin","pos":"19,9","name":"append","args":[{"type":"Variable","name":"_rule_version","pos":"19,9","namespace":0},{"type":"String","value":"7b9784edd8571ae75435e0710c517774bbd084b5","pos":"19,9"}]},"pos":null,"namespace":0},{"type":"StAssign","lvalue":"_event_name","rvalue":{"type":"Builtin","pos":"19,9","name":"append","args":[{"type":"Variable","name":"_event_name","pos":"19,9","namespace":0},{"type":"String","value":"E2","pos":"19,9"}]},"pos":null,"namespace":0},{"type":"StAssign","lvalue":"_required_fields","rvalue":{"type":"Builtin","pos":"19,9","name":"append","args":[{"type":"Variable","name":"_required_fields","pos":"19,9","namespace":0},{"type":"Number","value":5,"pos":"19,9"}]},"pos":null,"namespace":0},{"type":"StAssign","lvalue":"_with_diff_fields","rvalue":{"type":"Builtin","pos":"19,9","name":"append","args":[{"type":"Variable","name":"_with_diff_fields","pos":"19,9","namespace":0},{"type":"List","value":[],"pos":"19,9"}]},"pos":null,"namespace":0}]},"no":{"type":"StatementList","substatements":[]}},{"type":"StIf","pos":"15,16","predicate":{"type":"Builtin","pos":"15,16","name":"or","args":[{"type":"Builtin","pos":"15,16","name":"or","args":[{"type":"Builtin","pos":"15,16","name":"or","args":[{"type":"Builtin","pos":"15,16","name":"or","args":[{"type":"Builtin","pos":"15,16","name":"==","args":[{"type":"Variable","name":"object.path","pos":"15,16","namespace":2},{"type":"String","value":"/etc/init.d/","pos":"15,31"}]},{"type":"Builtin","pos":"16,16","name":"==","args":[{"type":"Variable","name":"object.path","pos":"16,16","namespace":2},{"type":"String","value":"/etc/rc.d/","pos":"16,31"}]}]},{"type":"Builtin","pos":"17,16","name":"==","args":[{"type":"Variable","name":"object.path","pos":"17,16","namespace":2},{"type":"String","value":"/etc/rc.local/","pos":"17,31"}]}]},{"type":"Builtin","pos":"18,16","name":"==","args":[{"type":"Variable","name":"object.path","pos":"18,16","namespace":2},{"type":"String","value":"/etc/rc.common/","pos":"18,31"}]}]},{"type":"Builtin","pos":"19,16","name":"match","args":[{"type":"Variable","name":"object.path","pos":"19,22","namespace":2},{"type":"String","value":"/etc/rc?.d/","pos":"19,35"}]}]},"yes":{"type":"StatementList","substatements":[{"type":"StAssign","lvalue":"_correlation_id","rvalue":{"type":"Builtin","pos":"8,9","name":"append","args":[{"type":"Variable","name":"_correlation_id","pos":"8,9","namespace":0},{"type":"List","value":[{"type":"String","value":"event_src.host","pos":"8,9"}],"pos":"8,9"}]},"pos":null,"namespace":0},{"type":"StAssign","lvalue":"_rule_name","rvalue":{"type":"Builtin","pos":"8,9","name":"append","args":[{"type":"Variable","name":"_rule_name","pos":"8,9","namespace":0},{"type":"String","value":"Suspicious_Create_File_Boot_RCScripts","pos":"8,9"}]},"pos":null,"namespace":0},{"type":"StAssign","lvalue":"_rule_version","rvalue":{"type":"Builtin","pos":"8,9","name":"append","args":[{"type":"Variable","name":"_rule_version","pos":"8,9","namespace":0},{"type":"String","value":"f455e85a9fbb016970ab72627f0d96c1eaa2d1ae","pos":"8,9"}]},"pos":null,"namespace":0},{"type":"StAssign","lvalue":"_event_name","rvalue":{"type":"Builtin","pos":"8,9","name":"append","args":[{"type":"Variable","name":"_event_name","pos":"8,9","namespace":0},{"type":"String","value":"E","pos":"8,9"}]},"pos":null,"namespace":0},{"type":"StAssign","lvalue":"_required_fields","rvalue":{"type":"Builtin","pos":"8,9","name":"append","args":[{"type":"Variable","name":"_required_fields","pos":"8,9","namespace":0},{"type":"Number","value":1,"pos":"8,9"}]},"pos":null,"namespace":0},{"type":"StAssign","lvalue":"_with_diff_fields","rvalue":{"type":"Builtin","pos":"8,9","name":"append","args":[{"type":"Variable","name":"_with_diff_fields","pos":"8,9","namespace":0},{"type":"List","value":[],"pos":"8,9"}]},"pos":null,"namespace":0}]},"no":{"type":"StatementList","substatements":[]}},{"type":"StIf","pos":"15,16","predicate":{"type":"Builtin","pos":"15,16","name":"or","args":[{"type":"Builtin","pos":"15,16","name":"match","args":[{"type":"Variable","name":"object.fullpath","pos":"15,22","namespace":2},{"type":"String","value":"*/.ssh/authorized_keys","pos":"15,39"}]},{"type":"Builtin","pos":"16,16","name":"match","args":[{"type":"Variable","name":"object.fullpath","pos":"16,22","namespace":2},{"type":"String","value":"/etc/ssh/ssh_host*","pos":"16,39"}]}]},"yes":{"type":"StatementList","substatements":[{"type":"StAssign","lvalue":"_correlation_id","rvalue":{"type":"Builtin","pos":"8,9","name":"append","args":[{"type":"Variable","name":"_correlation_id","pos":"8,9","namespace":0},{"type":"List","value":[{"type":"String","value":"event_src.host","pos":"8,9"}],"pos":"8,9"}]},"pos":null,"namespace":0},{"type":"StAssign","lvalue":"_rule_name","rvalue":{"type":"Builtin","pos":"8,9","name":"append","args":[{"type":"Variable","name":"_rule_name","pos":"8,9","namespace":0},{"type":"String","value":"Suspicious_Create_File_Ssh_AuthorizedKeys","pos":"8,9"}]},"pos":null,"namespace":0},{"type":"StAssign","lvalue":"_rule_version","rvalue":{"type":"Builtin","pos":"8,9","name":"append","args":[{"type":"Variable","name":"_rule_version","pos":"8,9","namespace":0},{"type":"String","value":"9f24e35ea914f87c834bfe3cc9df3cc6a9e60203","pos":"8,9"}]},"pos":null,"namespace":0},{"type":"StAssign","lvalue":"_event_name","rvalue":{"type":"Builtin","pos":"8,9","name":"append","args":[{"type":"Variable","name":"_event_name","pos":"8,9","namespace":0},{"type":"String","value":"E","pos":"8,9"}]},"pos":null,"namespace":0},{"type":"StAssign","lvalue":"_required_fields","rvalue":{"type":"Builtin","pos":"8,9","name":"append","args":[{"type":"Variable","name":"_required_fields","pos":"8,9","namespace":0},{"type":"Number","value":1,"pos":"8,9"}]},"pos":null,"namespace":0},{"type":"StAssign","lvalue":"_with_diff_fields","rvalue":{"type":"Builtin","pos":"8,9","name":"append","args":[{"type":"Variable","name":"_with_diff_fields","pos":"8,9","namespace":0},{"type":"List","value":[],"pos":"8,9"}]},"pos":null,"namespace":0}]},"no":{"type":"StatementList","substatements":[]}},{"type":"StIf","pos":"27,13","predicate":{"type":"Builtin","pos":"27,13","name":"and","args":[{"type":"Builtin","pos":"27,13","name":"==","args":[{"type":"Variable","name":"object","pos":"27,13","namespace":2},{"type":"String","value":"file_object","pos":"27,23"}]},{"type":"Builtin","pos":"29,16","name":"or","args":[{"type":"Builtin","pos":"29,16","name":"or","args":[{"type":"Builtin","pos":"29,16","name":"or","args":[{"type":"Builtin","pos":"29,16","name":"match","args":[{"type":"Variable","name":"object.fullpath","pos":"29,22","namespace":2},{"type":"String","value":"/usr/lib/security/pam_*.so","pos":"29,39"}]},{"type":"Builtin","pos":"30,16","name":"match","args":[{"type":"Variable","name":"object.fullpath","pos":"30,22","namespace":2},{"type":"String","value":"/usr/lib64/security/pam_*.so","pos":"30,39"}]}]},{"type":"Builtin","pos":"31,16","name":"match","args":[{"type":"Variable","name":"object.fullpath","pos":"31,22","namespace":2},{"type":"String","value":"/lib/security/pam_*.so","pos":"31,39"}]}]},{"type":"Builtin","pos":"32,16","name":"match","args":[{"type":"Variable","name":"object.fullpath","pos":"32,22","namespace":2},{"type":"String","value":"/lib64/security/pam_*.so","pos":"32,39"}]}]}]},"yes":{"type":"StatementList","substatements":[{"type":"StAssign","lvalue":"_correlation_id","rvalue":{"type":"Builtin","pos":"21,9","name":"append","args":[{"type":"Variable","name":"_correlation_id","pos":"21,9","namespace":0},{"type":"List","value":[{"type":"String","value":"event_src.host","pos":"21,9"}],"pos":"21,9"}]},"pos":null,"namespace":0},{"type":"StAssign","lvalue":"_rule_name","rvalue":{"type":"Builtin","pos":"21,9","name":"append","args":[{"type":"Variable","name":"_rule_name","pos":"21,9","namespace":0},{"type":"String","value":"Suspicious_Write_File_PAM_Persistence","pos":"21,9"}]},"pos":null,"namespace":0},{"type":"StAssign","lvalue":"_rule_version","rvalue":{"type":"Builtin","pos":"21,9","name":"append","args":[{"type":"Variable","name":"_rule_version","pos":"21,9","namespace":0},{"type":"String","value":"dc70a2e8cadc9fd0f9334aa281a91f6412ed2ace","pos":"21,9"}]},"pos":null,"namespace":0},{"type":"StAssign","lvalue":"_event_name","rvalue":{"type":"Builtin","pos":"21,9","name":"append","args":[{"type":"Variable","name":"_event_name","pos":"21,9","namespace":0},{"type":"String","value":"E2","pos":"21,9"}]},"pos":null,"namespace":0},{"type":"StAssign","lvalue":"_required_fields","rvalue":{"type":"Builtin","pos":"21,9","name":"append","args":[{"type":"Variable","name":"_required_fields","pos":"21,9","namespace":0},{"type":"Number","value":3,"pos":"21,9"}]},"pos":null,"namespace":0},{"type":"StAssign","lvalue":"_with_diff_fields","rvalue":{"type":"Builtin","pos":"21,9","name":"append","args":[{"type":"Variable","name":"_with_diff_fields","pos":"21,9","namespace":0},{"type":"List","value":[],"pos":"21,9"}]},"pos":null,"namespace":0}]},"no":{"type":"StatementList","substatements":[]}}]}},{"case_cond":{"type":"String","value":"start","pos":"10,23"},"case_body":{"type":"StatementList","substatements":[{"type":"StIf","pos":"11,13","predicate":{"type":"Builtin","pos":"11,13","name":"and","args":[{"type":"Builtin","pos":"11,13","name":"==","args":[{"type":"Variable","name":"object","pos":"11,13","namespace":2},{"type":"String","value":"process","pos":"11,23"}]},{"type":"Builtin","pos":"13,16","name":"or","args":[{"type":"Builtin","pos":"13,16","name":"or","args":[{"type":"Builtin","pos":"13,16","name":"match","args":[{"type":"Variable","name":"object.process.fullpath","pos":"13,22","namespace":2},{"type":"String","value":"/*bin/iptables","pos":"13,47"}]},{"type":"Builtin","pos":"14,16","name":"match","args":[{"type":"Variable","name":"object.process.fullpath","pos":"14,22","namespace":2},{"type":"String","value":"/*bin/ip6tables","pos":"14,47"}]}]},{"type":"Builtin","pos":"15,16","name":"match","args":[{"type":"Variable","name":"object.process.fullpath","pos":"15,22","namespace":2},{"type":"String","value":"/*bin/firewall-cmd","pos":"15,47"}]}]}]},"yes":{"type":"StatementList","substatements":[{"type":"StAssign","lvalue":"_correlation_id","rvalue":{"type":"Builtin","pos":"8,9","name":"append","args":[{"type":"Variable","name":"_correlation_id","pos":"8,9","namespace":0},{"type":"List","value":[{"type":"String","value":"event_src.host","pos":"8,9"}],"pos":"8,9"}]},"pos":null,"namespace":0},{"type":"StAssign","lvalue":"_rule_name","rvalue":{"type":"Builtin","pos":"8,9","name":"append","args":[{"type":"Variable","name":"_rule_name","pos":"8,9","namespace":0},{"type":"String","value":"Suspicious_Create_Process_Iptables_ModifyFirewall","pos":"8,9"}]},"pos":null,"namespace":0},{"type":"StAssign","lvalue":"_rule_version","rvalue":{"type":"Builtin","pos":"8,9","name":"append","args":[{"type":"Variable","name":"_rule_version","pos":"8,9","namespace":0},{"type":"String","value":"4c8934a2f94f7dc8e7255c661615c2b8ffabe2be","pos":"8,9"}]},"pos":null,"namespace":0},{"type":"StAssign","lvalue":"_event_name","rvalue":{"type":"Builtin","pos":"8,9","name":"append","args":[{"type":"Variable","name":"_event_name","pos":"8,9","namespace":0},{"type":"String","value":"E","pos":"8,9"}]},"pos":null,"namespace":0},{"type":"StAssign","lvalue":"_required_fields","rvalue":{"type":"Builtin","pos":"8,9","name":"append","args":[{"type":"Variable","name":"_required_fields","pos":"8,9","namespace":0},{"type":"Number","value":4,"pos":"8,9"}]},"pos":null,"namespace":0},{"type":"StAssign","lvalue":"_with_diff_fields","rvalue":{"type":"Builtin","pos":"8,9","name":"append","args":[{"type":"Variable","name":"_with_diff_fields","pos":"8,9","namespace":0},{"type":"List","value":[],"pos":"8,9"}]},"pos":null,"namespace":0}]},"no":{"type":"StatementList","substatements":[]}}]}},{"case_cond":{"type":"String","value":"rename","pos":"12,26"},"case_body":{"type":"StatementList","substatements":[{"type":"StIf","pos":"14,13","predicate":{"type":"Builtin","pos":"14,13","name":"and","args":[{"type":"Builtin","pos":"14,13","name":"==","args":[{"type":"Variable","name":"object","pos":"14,13","namespace":2},{"type":"String","value":"file_object","pos":"14,23"}]},{"type":"Builtin","pos":"15,13","name":"match","args":[{"type":"Variable","name":"object.fullpath","pos":"15,19","namespace":2},{"type":"String","value":"/etc/pam.d/*","pos":"15,36"}]}]},"yes":{"type":"StatementList","substatements":[{"type":"StAssign","lvalue":"_correlation_id","rvalue":{"type":"Builtin","pos":"8,9","name":"append","args":[{"type":"Variable","name":"_correlation_id","pos":"8,9","namespace":0},{"type":"List","value":[{"type":"String","value":"event_src.host","pos":"8,9"}],"pos":"8,9"}]},"pos":null,"namespace":0},{"type":"StAssign","lvalue":"_rule_name","rvalue":{"type":"Builtin","pos":"8,9","name":"append","args":[{"type":"Variable","name":"_rule_name","pos":"8,9","namespace":0},{"type":"String","value":"Suspicious_Write_File_PAM_Persistence","pos":"8,9"}]},"pos":null,"namespace":0},{"type":"StAssign","lvalue":"_rule_version","rvalue":{"type":"Builtin","pos":"8,9","name":"append","args":[{"type":"Variable","name":"_rule_version","pos":"8,9","namespace":0},{"type":"String","value":"dc70a2e8cadc9fd0f9334aa281a91f6412ed2ace","pos":"8,9"}]},"pos":null,"namespace":0},{"type":"StAssign","lvalue":"_event_name","rvalue":{"type":"Builtin","pos":"8,9","name":"append","args":[{"type":"Variable","name":"_event_name","pos":"8,9","namespace":0},{"type":"String","value":"E1","pos":"8,9"}]},"pos":null,"namespace":0},{"type":"StAssign","lvalue":"_required_fields","rvalue":{"type":"Builtin","pos":"8,9","name":"append","args":[{"type":"Variable","name":"_required_fields","pos":"8,9","namespace":0},{"type":"Number","value":3,"pos":"8,9"}]},"pos":null,"namespace":0},{"type":"StAssign","lvalue":"_with_diff_fields","rvalue":{"type":"Builtin","pos":"8,9","name":"append","args":[{"type":"Variable","name":"_with_diff_fields","pos":"8,9","namespace":0},{"type":"List","value":[],"pos":"8,9"}]},"pos":null,"namespace":0}]},"no":{"type":"StatementList","substatements":[]}}]}},{"case_cond":{"type":"String","value":"access","pos":"11,26"},"case_body":{"type":"StatementList","substatements":[{"type":"StAssign","lvalue":"$2","rvalue":{"type":"Builtin","pos":"13,19","name":"lower","args":[{"type":"Variable","name":"object.name","pos":"13,25","namespace":2}]},"pos":"13,19","namespace":0},{"type":"StSwitch","pos":"11,13","var":{"type":"Variable","name":"object","pos":"11,13","namespace":2},"cases":[{"case_cond":{"type":"String","value":"file_object","pos":"11,23"},"case_body":{"type":"StatementList","substatements":[{"type":"StIf","pos":"12,13","predicate":{"type":"Builtin","pos":"12,13","name":"and","args":[{"type":"Builtin","pos":"12,13","name":"match","args":[{"type":"Variable","name":"object.fullpath","pos":"12,19","namespace":2},{"type":"String","value":"/etc/passwd*","pos":"12,36"}]},{"type":"Builtin","pos":"14,13","name":"and","args":[{"type":"Builtin","pos":"14,13","name":"or","args":[{"type":"Builtin","pos":"16,20","name":"or","args":[{"type":"Builtin","pos":"16,20","name":"or","args":[{"type":"Builtin","pos":"16,20","name":"or","args":[{"type":"Builtin","pos":"16,20","name":"or","args":[{"type":"Builtin","pos":"16,20","name":"or","args":[{"type":"Builtin","pos":"16,20","name":"or","args":[{"type":"Builtin","pos":"16,20","name":"or","args":[{"type":"Builtin","pos":"16,20","name":"match","args":[{"type":"Variable","name":"subject.process.fullpath","pos":"16,26","namespace":2},{"type":"String","value":"/*bin/cat","pos":"16,52"}]},{"type":"Builtin","pos":"17,20","name":"match","args":[{"type":"Variable","name":"subject.process.fullpath","pos":"17,26","namespace":2},{"type":"String","value":"/*bin/cp","pos":"17,52"}]}]},{"type":"Builtin","pos":"18,20","name":"match","args":[{"type":"Variable","name":"subject.process.fullpath","pos":"18,26","namespace":2},{"type":"String","value":"/*bin/find","pos":"18,52"}]}]},{"type":"Builtin","pos":"19,20","name":"match","args":[{"type":"Variable","name":"subject.process.fullpath","pos":"19,26","namespace":2},{"type":"String","value":"/*bin/head","pos":"19,52"}]}]},{"type":"Builtin","pos":"20,20","name":"match","args":[{"type":"Variable","name":"subject.process.fullpath","pos":"20,26","namespace":2},{"type":"String","value":"/*bin/less","pos":"20,52"}]}]},{"type":"Builtin","pos":"21,20","name":"match","args":[{"type":"Variable","name":"subject.process.fullpath","pos":"21,26","namespace":2},{"type":"String","value":"/*bin/perl","pos":"21,52"}]}]},{"type":"Builtin","pos":"22,20","name":"match","args":[{"type":"Variable","name":"subject.process.fullpath","pos":"22,26","namespace":2},{"type":"String","value":"/*bin/python*","pos":"22,52"}]}]},{"type":"Builtin","pos":"23,20","name":"match","args":[{"type":"Variable","name":"subject.process.fullpath","pos":"23,26","namespace":2},{"type":"String","value":"/*bin/tail","pos":"23,52"}]}]},{"type":"Builtin","pos":"2,5","name":"not","args":[{"type":"Builtin","pos":"2,9","name":"exec_query","args":[{"type":"String","value":"inline_query_Suspicious_Read_File_Passwd_CredentialsEnumeration_1__02589c6c881f246ce99511be6b34fc6ffcba9cae","pos":"2,9"},{"type":"List","value":[{"type":"Variable","name":"subject.process.fullpath","pos":"26,109","namespace":2}],"pos":"2,9"}]}]}]},{"type":"Builtin","pos":"29,13","name":"not","args":[{"type":"Builtin","pos":"30,16","name":"or","args":[{"type":"Builtin","pos":"30,16","name":"or","args":[{"type":"Builtin","pos":"30,16","name":"or","args":[{"type":"Builtin","pos":"30,16","name":"or","args":[{"type":"Builtin","pos":"30,16","name":"match","args":[{"type":"Variable","name":"subject.process.meta","pos":"30,22","namespace":2},{"type":"String","value":"* /*bin/lsb_release*","pos":"30,44"}]},{"type":"Builtin","pos":"31,16","name":"match","args":[{"type":"Variable","name":"subject.process.meta","pos":"31,22","namespace":2},{"type":"String","value":"*@pwd = getpwnam(\"man\");*/usr/bin/mandb*-pq*","pos":"31,44"}]}]},{"type":"Builtin","pos":"32,16","name":"match","args":[{"type":"Variable","name":"subject.process.meta","pos":"32,22","namespace":2},{"type":"String","value":"*/usr/lib/ubuntu-release-upgrader/check-new-release*","pos":"32,44"}]}]},{"type":"Builtin","pos":"33,16","name":"match","args":[{"type":"Variable","name":"subject.process.meta","pos":"33,22","namespace":2},{"type":"String","value":"*/usr/sbin/dpkg-preconfigure --apt*","pos":"33,44"}]}]},{"type":"Builtin","pos":"34,16","name":"match","args":[{"type":"Variable","name":"subject.process.meta","pos":"34,22","namespace":2},{"type":"String","value":"*-w /usr/bin/debconf-communicate","pos":"34,44"}]}]}]}]}]},"yes":{"type":"StatementList","substatements":[{"type":"StAssign","lvalue":"_correlation_id","rvalue":{"type":"Builtin","pos":"8,9","name":"append","args":[{"type":"Variable","name":"_correlation_id","pos":"8,9","namespace":0},{"type":"List","value":[{"type":"String","value":"event_src.host","pos":"8,9"}],"pos":"8,9"}]},"pos":null,"namespace":0},{"type":"StAssign","lvalue":"_rule_name","rvalue":{"type":"Builtin","pos":"8,9","name":"append","args":[{"type":"Variable","name":"_rule_name","pos":"8,9","namespace":0},{"type":"String","value":"Suspicious_Read_File_Passwd_CredentialsEnumeration","pos":"8,9"}]},"pos":null,"namespace":0},{"type":"StAssign","lvalue":"_rule_version","rvalue":{"type":"Builtin","pos":"8,9","name":"append","args":[{"type":"Variable","name":"_rule_version","pos":"8,9","namespace":0},{"type":"String","value":"606b0f8f69640fa4e10a9edd31232d17651d2135","pos":"8,9"}]},"pos":null,"namespace":0},{"type":"StAssign","lvalue":"_event_name","rvalue":{"type":"Builtin","pos":"8,9","name":"append","args":[{"type":"Variable","name":"_event_name","pos":"8,9","namespace":0},{"type":"String","value":"E","pos":"8,9"}]},"pos":null,"namespace":0},{"type":"StAssign","lvalue":"_required_fields","rvalue":{"type":"Builtin","pos":"8,9","name":"append","args":[{"type":"Variable","name":"_required_fields","pos":"8,9","namespace":0},{"type":"Number","value":2,"pos":"8,9"}]},"pos":null,"namespace":0},{"type":"StAssign","lvalue":"_with_diff_fields","rvalue":{"type":"Builtin","pos":"8,9","name":"append","args":[{"type":"Variable","name":"_with_diff_fields","pos":"8,9","namespace":0},{"type":"List","value":[],"pos":"8,9"}]},"pos":null,"namespace":0}]},"no":{"type":"StatementList","substatements":[]}},{"type":"StIf","pos":"13,16","predicate":{"type":"Builtin","pos":"13,16","name":"and","args":[{"type":"Builtin","pos":"13,16","name":"or","args":[{"type":"Builtin","pos":"13,16","name":"match","args":[{"type":"Variable","name":"object.fullpath","pos":"13,22","namespace":2},{"type":"String","value":"/etc/shadow*","pos":"13,39"}]},{"type":"Builtin","pos":"14,16","name":"match","args":[{"type":"Variable","name":"object.fullpath","pos":"14,22","namespace":2},{"type":"String","value":"/etc/gshadow*","pos":"14,39"}]}]},{"type":"Builtin","pos":"17,13","name":"and","args":[{"type":"Builtin","pos":"17,13","name":"not","args":[{"type":"Builtin","pos":"18,16","name":"or","args":[{"type":"Builtin","pos":"18,16","name":"or","args":[{"type":"Builtin","pos":"18,16","name":"or","args":[{"type":"Builtin","pos":"18,16","name":"or","args":[{"type":"Builtin","pos":"18,16","name":"match","args":[{"type":"Variable","name":"subject.process.meta","pos":"18,22","namespace":2},{"type":"String","value":"* /*bin/lsb_release*","pos":"18,44"}]},{"type":"Builtin","pos":"19,16","name":"match","args":[{"type":"Variable","name":"subject.process.meta","pos":"19,22","namespace":2},{"type":"String","value":"*@pwd = getpwnam(\"man\");*/usr/bin/mandb*-pq*","pos":"19,44"}]}]},{"type":"Builtin","pos":"20,16","name":"match","args":[{"type":"Variable","name":"subject.process.meta","pos":"20,22","namespace":2},{"type":"String","value":"*/usr/lib/ubuntu-release-upgrader/check-new-release*","pos":"20,44"}]}]},{"type":"Builtin","pos":"21,16","name":"match","args":[{"type":"Variable","name":"subject.process.meta","pos":"21,22","namespace":2},{"type":"String","value":"*/usr/sbin/dpkg-preconfigure --apt*","pos":"21,44"}]}]},{"type":"Builtin","pos":"22,16","name":"match","args":[{"type":"Variable","name":"subject.process.meta","pos":"22,22","namespace":2},{"type":"String","value":"*-w /usr/bin/debconf-communicate","pos":"22,44"}]}]}]},{"type":"Builtin","pos":"2,5","name":"not","args":[{"type":"Builtin","pos":"2,9","name":"exec_query","args":[{"type":"String","value":"inline_query_Suspicious_Read_File_Shadow_CredentialsDumping_1__02589c6c881f246ce99511be6b34fc6ffcba9cae","pos":"2,9"},{"type":"List","value":[{"type":"Variable","name":"subject.process.fullpath","pos":"24,102","namespace":2}],"pos":"2,9"}]}]}]}]},"yes":{"type":"StatementList","substatements":[{"type":"StAssign","lvalue":"_correlation_id","rvalue":{"type":"Builtin","pos":"8,9","name":"append","args":[{"type":"Variable","name":"_correlation_id","pos":"8,9","namespace":0},{"type":"List","value":[{"type":"String","value":"event_src.host","pos":"8,9"}],"pos":"8,9"}]},"pos":null,"namespace":0},{"type":"StAssign","lvalue":"_rule_name","rvalue":{"type":"Builtin","pos":"8,9","name":"append","args":[{"type":"Variable","name":"_rule_name","pos":"8,9","namespace":0},{"type":"String","value":"Suspicious_Read_File_Shadow_CredentialsDumping","pos":"8,9"}]},"pos":null,"namespace":0},{"type":"StAssign","lvalue":"_rule_version","rvalue":{"type":"Builtin","pos":"8,9","name":"append","args":[{"type":"Variable","name":"_rule_version","pos":"8,9","namespace":0},{"type":"String","value":"933659ea60e4a3b6a527942c2f9c100db6024bf7","pos":"8,9"}]},"pos":null,"namespace":0},{"type":"StAssign","lvalue":"_event_name","rvalue":{"type":"Builtin","pos":"8,9","name":"append","args":[{"type":"Variable","name":"_event_name","pos":"8,9","namespace":0},{"type":"String","value":"E","pos":"8,9"}]},"pos":null,"namespace":0},{"type":"StAssign","lvalue":"_required_fields","rvalue":{"type":"Builtin","pos":"8,9","name":"append","args":[{"type":"Variable","name":"_required_fields","pos":"8,9","namespace":0},{"type":"Number","value":2,"pos":"8,9"}]},"pos":null,"namespace":0},{"type":"StAssign","lvalue":"_with_diff_fields","rvalue":{"type":"Builtin","pos":"8,9","name":"append","args":[{"type":"Variable","name":"_with_diff_fields","pos":"8,9","namespace":0},{"type":"List","value":[],"pos":"8,9"}]},"pos":null,"namespace":0}]},"no":{"type":"StatementList","substatements":[]}},{"type":"StIf","pos":"15,13","predicate":{"type":"Builtin","pos":"15,13","name":"match","args":[{"type":"Variable","name":"object.fullpath","pos":"15,19","namespace":2},{"type":"String","value":"/etc/pam.d/*","pos":"15,36"}]},"yes":{"type":"StatementList","substatements":[{"type":"StAssign","lvalue":"_correlation_id","rvalue":{"type":"Builtin","pos":"8,9","name":"append","args":[{"type":"Variable","name":"_correlation_id","pos":"8,9","namespace":0},{"type":"List","value":[{"type":"String","value":"event_src.host","pos":"8,9"}],"pos":"8,9"}]},"pos":null,"namespace":0},{"type":"StAssign","lvalue":"_rule_name","rvalue":{"type":"Builtin","pos":"8,9","name":"append","args":[{"type":"Variable","name":"_rule_name","pos":"8,9","namespace":0},{"type":"String","value":"Suspicious_Write_File_PAM_Persistence","pos":"8,9"}]},"pos":null,"namespace":0},{"type":"StAssign","lvalue":"_rule_version","rvalue":{"type":"Builtin","pos":"8,9","name":"append","args":[{"type":"Variable","name":"_rule_version","pos":"8,9","namespace":0},{"type":"String","value":"dc70a2e8cadc9fd0f9334aa281a91f6412ed2ace","pos":"8,9"}]},"pos":null,"namespace":0},{"type":"StAssign","lvalue":"_event_name","rvalue":{"type":"Builtin","pos":"8,9","name":"append","args":[{"type":"Variable","name":"_event_name","pos":"8,9","namespace":0},{"type":"String","value":"E1","pos":"8,9"}]},"pos":null,"namespace":0},{"type":"StAssign","lvalue":"_required_fields","rvalue":{"type":"Builtin","pos":"8,9","name":"append","args":[{"type":"Variable","name":"_required_fields","pos":"8,9","namespace":0},{"type":"Number","value":3,"pos":"8,9"}]},"pos":null,"namespace":0},{"type":"StAssign","lvalue":"_with_diff_fields","rvalue":{"type":"Builtin","pos":"8,9","name":"append","args":[{"type":"Variable","name":"_with_diff_fields","pos":"8,9","namespace":0},{"type":"List","value":[],"pos":"8,9"}]},"pos":null,"namespace":0}]},"no":{"type":"StatementList","substatements":[]}},{"type":"StIf","pos":"29,16","predicate":{"type":"Builtin","pos":"29,16","name":"or","args":[{"type":"Builtin","pos":"29,16","name":"or","args":[{"type":"Builtin","pos":"29,16","name":"or","args":[{"type":"Builtin","pos":"29,16","name":"match","args":[{"type":"Variable","name":"object.fullpath","pos":"29,22","namespace":2},{"type":"String","value":"/usr/lib/security/pam_*.so","pos":"29,39"}]},{"type":"Builtin","pos":"30,16","name":"match","args":[{"type":"Variable","name":"object.fullpath","pos":"30,22","namespace":2},{"type":"String","value":"/usr/lib64/security/pam_*.so","pos":"30,39"}]}]},{"type":"Builtin","pos":"31,16","name":"match","args":[{"type":"Variable","name":"object.fullpath","pos":"31,22","namespace":2},{"type":"String","value":"/lib/security/pam_*.so","pos":"31,39"}]}]},{"type":"Builtin","pos":"32,16","name":"match","args":[{"type":"Variable","name":"object.fullpath","pos":"32,22","namespace":2},{"type":"String","value":"/lib64/security/pam_*.so","pos":"32,39"}]}]},"yes":{"type":"StatementList","substatements":[{"type":"StAssign","lvalue":"_correlation_id","rvalue":{"type":"Builtin","pos":"21,9","name":"append","args":[{"type":"Variable","name":"_correlation_id","pos":"21,9","namespace":0},{"type":"List","value":[{"type":"String","value":"event_src.host","pos":"21,9"}],"pos":"21,9"}]},"pos":null,"namespace":0},{"type":"StAssign","lvalue":"_rule_name","rvalue":{"type":"Builtin","pos":"21,9","name":"append","args":[{"type":"Variable","name":"_rule_name","pos":"21,9","namespace":0},{"type":"String","value":"Suspicious_Write_File_PAM_Persistence","pos":"21,9"}]},"pos":null,"namespace":0},{"type":"StAssign","lvalue":"_rule_version","rvalue":{"type":"Builtin","pos":"21,9","name":"append","args":[{"type":"Variable","name":"_rule_version","pos":"21,9","namespace":0},{"type":"String","value":"dc70a2e8cadc9fd0f9334aa281a91f6412ed2ace","pos":"21,9"}]},"pos":null,"namespace":0},{"type":"StAssign","lvalue":"_event_name","rvalue":{"type":"Builtin","pos":"21,9","name":"append","args":[{"type":"Variable","name":"_event_name","pos":"21,9","namespace":0},{"type":"String","value":"E2","pos":"21,9"}]},"pos":null,"namespace":0},{"type":"StAssign","lvalue":"_required_fields","rvalue":{"type":"Builtin","pos":"21,9","name":"append","args":[{"type":"Variable","name":"_required_fields","pos":"21,9","namespace":0},{"type":"Number","value":3,"pos":"21,9"}]},"pos":null,"namespace":0},{"type":"StAssign","lvalue":"_with_diff_fields","rvalue":{"type":"Builtin","pos":"21,9","name":"append","args":[{"type":"Variable","name":"_with_diff_fields","pos":"21,9","namespace":0},{"type":"List","value":[],"pos":"21,9"}]},"pos":null,"namespace":0}]},"no":{"type":"StatementList","substatements":[]}}]}},{"case_cond":{"type":"String","value":"process","pos":"11,23"},"case_body":{"type":"StatementList","substatements":[{"type":"StIf","pos":"12,13","predicate":{"type":"Builtin","pos":"12,13","name":"and","args":[{"type":"Builtin","pos":"12,13","name":"==","args":[{"type":"Variable","name":"msgid","pos":"12,13","namespace":2},{"type":"String","value":"ptrace","pos":"12,22"}]},{"type":"Builtin","pos":"2,5","name":"not","args":[{"type":"Builtin","pos":"2,9","name":"exec_query","args":[{"type":"String","value":"inline_query_Suspicious_Write_Process_Inject_Ptrace_1__02589c6c881f246ce99511be6b34fc6ffcba9cae","pos":"2,9"},{"type":"List","value":[{"type":"Variable","name":"subject.process.fullpath","pos":"13,94","namespace":2}],"pos":"2,9"}]}]}]},"yes":{"type":"StatementList","substatements":[{"type":"StAssign","lvalue":"_correlation_id","rvalue":{"type":"Builtin","pos":"8,9","name":"append","args":[{"type":"Variable","name":"_correlation_id","pos":"8,9","namespace":0},{"type":"List","value":[{"type":"String","value":"object.id","pos":"8,9"}],"pos":"8,9"}]},"pos":null,"namespace":0},{"type":"StAssign","lvalue":"_rule_name","rvalue":{"type":"Builtin","pos":"8,9","name":"append","args":[{"type":"Variable","name":"_rule_name","pos":"8,9","namespace":0},{"type":"String","value":"Suspicious_Write_Process_Inject_Ptrace","pos":"8,9"}]},"pos":null,"namespace":0},{"type":"StAssign","lvalue":"_rule_version","rvalue":{"type":"Builtin","pos":"8,9","name":"append","args":[{"type":"Variable","name":"_rule_version","pos":"8,9","namespace":0},{"type":"String","value":"2c0c2ad8312ae3a3346cf3588b35df814168572a","pos":"8,9"}]},"pos":null,"namespace":0},{"type":"StAssign","lvalue":"_event_name","rvalue":{"type":"Builtin","pos":"8,9","name":"append","args":[{"type":"Variable","name":"_event_name","pos":"8,9","namespace":0},{"type":"String","value":"E","pos":"8,9"}]},"pos":null,"namespace":0},{"type":"StAssign","lvalue":"_required_fields","rvalue":{"type":"Builtin","pos":"8,9","name":"append","args":[{"type":"Variable","name":"_required_fields","pos":"8,9","namespace":0},{"type":"Number","value":0,"pos":"8,9"}]},"pos":null,"namespace":0},{"type":"StAssign","lvalue":"_with_diff_fields","rvalue":{"type":"Builtin","pos":"8,9","name":"append","args":[{"type":"Variable","name":"_with_diff_fields","pos":"8,9","namespace":0},{"type":"List","value":[],"pos":"8,9"}]},"pos":null,"namespace":0}]},"no":{"type":"StatementList","substatements":[]}}]}}]},{"type":"StSwitch","pos":"13,13","var":{"type":"Variable","name":"object.path","pos":"13,13","namespace":2},"cases":[{"case_cond":{"type":"String","value":"/var/spool/cron","pos":"15,31"},"case_body":{"type":"StatementList","substatements":[{"type":"StAssign","lvalue":"_correlation_id","rvalue":{"type":"Builtin","pos":"8,9","name":"append","args":[{"type":"Variable","name":"_correlation_id","pos":"8,9","namespace":0},{"type":"List","value":[{"type":"String","value":"event_src.host","pos":"8,9"}],"pos":"8,9"}]},"pos":null,"namespace":0},{"type":"StAssign","lvalue":"_rule_name","rvalue":{"type":"Builtin","pos":"8,9","name":"append","args":[{"type":"Variable","name":"_rule_name","pos":"8,9","namespace":0},{"type":"String","value":"Suspicious_Create_File_Scheduler_Cron","pos":"8,9"}]},"pos":null,"namespace":0},{"type":"StAssign","lvalue":"_rule_version","rvalue":{"type":"Builtin","pos":"8,9","name":"append","args":[{"type":"Variable","name":"_rule_version","pos":"8,9","namespace":0},{"type":"String","value":"96d841805bd78a9d9629626760c1edad019126cf","pos":"8,9"}]},"pos":null,"namespace":0},{"type":"StAssign","lvalue":"_event_name","rvalue":{"type":"Builtin","pos":"8,9","name":"append","args":[{"type":"Variable","name":"_event_name","pos":"8,9","namespace":0},{"type":"String","value":"E","pos":"8,9"}]},"pos":null,"namespace":0},{"type":"StAssign","lvalue":"_required_fields","rvalue":{"type":"Builtin","pos":"8,9","name":"append","args":[{"type":"Variable","name":"_required_fields","pos":"8,9","namespace":0},{"type":"Number","value":1,"pos":"8,9"}]},"pos":null,"namespace":0},{"type":"StAssign","lvalue":"_with_diff_fields","rvalue":{"type":"Builtin","pos":"8,9","name":"append","args":[{"type":"Variable","name":"_with_diff_fields","pos":"8,9","namespace":0},{"type":"List","value":[],"pos":"8,9"}]},"pos":null,"namespace":0}]}},{"case_cond":{"type":"String","value":"/var/spool/cron/crontabs/","pos":"16,31"},"case_body":{"type":"StatementList","substatements":[{"type":"StAssign","lvalue":"_correlation_id","rvalue":{"type":"Builtin","pos":"8,9","name":"append","args":[{"type":"Variable","name":"_correlation_id","pos":"8,9","namespace":0},{"type":"List","value":[{"type":"String","value":"event_src.host","pos":"8,9"}],"pos":"8,9"}]},"pos":null,"namespace":0},{"type":"StAssign","lvalue":"_rule_name","rvalue":{"type":"Builtin","pos":"8,9","name":"append","args":[{"type":"Variable","name":"_rule_name","pos":"8,9","namespace":0},{"type":"String","value":"Suspicious_Create_File_Scheduler_Cron","pos":"8,9"}]},"pos":null,"namespace":0},{"type":"StAssign","lvalue":"_rule_version","rvalue":{"type":"Builtin","pos":"8,9","name":"append","args":[{"type":"Variable","name":"_rule_version","pos":"8,9","namespace":0},{"type":"String","value":"96d841805bd78a9d9629626760c1edad019126cf","pos":"8,9"}]},"pos":null,"namespace":0},{"type":"StAssign","lvalue":"_event_name","rvalue":{"type":"Builtin","pos":"8,9","name":"append","args":[{"type":"Variable","name":"_event_name","pos":"8,9","namespace":0},{"type":"String","value":"E","pos":"8,9"}]},"pos":null,"namespace":0},{"type":"StAssign","lvalue":"_required_fields","rvalue":{"type":"Builtin","pos":"8,9","name":"append","args":[{"type":"Variable","name":"_required_fields","pos":"8,9","namespace":0},{"type":"Number","value":1,"pos":"8,9"}]},"pos":null,"namespace":0},{"type":"StAssign","lvalue":"_with_diff_fields","rvalue":{"type":"Builtin","pos":"8,9","name":"append","args":[{"type":"Variable","name":"_with_diff_fields","pos":"8,9","namespace":0},{"type":"List","value":[],"pos":"8,9"}]},"pos":null,"namespace":0}]}},{"case_cond":{"type":"String","value":"/boot/","pos":"13,28"},"case_body":{"type":"StatementList","substatements":[{"type":"StAssign","lvalue":"_correlation_id","rvalue":{"type":"Builtin","pos":"7,9","name":"append","args":[{"type":"Variable","name":"_correlation_id","pos":"7,9","namespace":0},{"type":"List","value":[{"type":"String","value":"event_src.host","pos":"7,9"}],"pos":"7,9"}]},"pos":null,"namespace":0},{"type":"StAssign","lvalue":"_rule_name","rvalue":{"type":"Builtin","pos":"7,9","name":"append","args":[{"type":"Variable","name":"_rule_name","pos":"7,9","namespace":0},{"type":"String","value":"Suspicious_Create_File_Boot_Modification","pos":"7,9"}]},"pos":null,"namespace":0},{"type":"StAssign","lvalue":"_rule_version","rvalue":{"type":"Builtin","pos":"7,9","name":"append","args":[{"type":"Variable","name":"_rule_version","pos":"7,9","namespace":0},{"type":"String","value":"75dc3da537dc55e0fe8b2bf642cf5dae4c426d12","pos":"7,9"}]},"pos":null,"namespace":0},{"type":"StAssign","lvalue":"_event_name","rvalue":{"type":"Builtin","pos":"7,9","name":"append","args":[{"type":"Variable","name":"_event_name","pos":"7,9","namespace":0},{"type":"String","value":"E","pos":"7,9"}]},"pos":null,"namespace":0},{"type":"StAssign","lvalue":"_required_fields","rvalue":{"type":"Builtin","pos":"7,9","name":"append","args":[{"type":"Variable","name":"_required_fields","pos":"7,9","namespace":0},{"type":"Number","value":1,"pos":"7,9"}]},"pos":null,"namespace":0},{"type":"StAssign","lvalue":"_with_diff_fields","rvalue":{"type":"Builtin","pos":"7,9","name":"append","args":[{"type":"Variable","name":"_with_diff_fields","pos":"7,9","namespace":0},{"type":"List","value":[],"pos":"7,9"}]},"pos":null,"namespace":0}]}}]},{"type":"StIf","pos":"13,13","predicate":{"type":"Builtin","pos":"13,13","name":"match","args":[{"type":"Variable","name":"$2","pos":"13,19","namespace":0},{"type":"String","value":"gconv_path=*","pos":"13,39"}]},"yes":{"type":"StatementList","substatements":[{"type":"StAssign","lvalue":"_correlation_id","rvalue":{"type":"Builtin","pos":"7,9","name":"append","args":[{"type":"Variable","name":"_correlation_id","pos":"7,9","namespace":0},{"type":"List","value":[{"type":"String","value":"subject.process.parent.id","pos":"7,9"}],"pos":"7,9"}]},"pos":null,"namespace":0},{"type":"StAssign","lvalue":"_rule_name","rvalue":{"type":"Builtin","pos":"7,9","name":"append","args":[{"type":"Variable","name":"_rule_name","pos":"7,9","namespace":0},{"type":"String","value":"Malware_Exploit_Elf_CVE_2021_4034_a","pos":"7,9"}]},"pos":null,"namespace":0},{"type":"StAssign","lvalue":"_rule_version","rvalue":{"type":"Builtin","pos":"7,9","name":"append","args":[{"type":"Variable","name":"_rule_version","pos":"7,9","namespace":0},{"type":"String","value":"7b9784edd8571ae75435e0710c517774bbd084b5","pos":"7,9"}]},"pos":null,"namespace":0},{"type":"StAssign","lvalue":"_event_name","rvalue":{"type":"Builtin","pos":"7,9","name":"append","args":[{"type":"Variable","name":"_event_name","pos":"7,9","namespace":0},{"type":"String","value":"E1","pos":"7,9"}]},"pos":null,"namespace":0},{"type":"StAssign","lvalue":"_required_fields","rvalue":{"type":"Builtin","pos":"7,9","name":"append","args":[{"type":"Variable","name":"_required_fields","pos":"7,9","namespace":0},{"type":"Number","value":6,"pos":"7,9"}]},"pos":null,"namespace":0},{"type":"StAssign","lvalue":"_with_diff_fields","rvalue":{"type":"Builtin","pos":"7,9","name":"append","args":[{"type":"Variable","name":"_with_diff_fields","pos":"7,9","namespace":0},{"type":"List","value":[],"pos":"7,9"}]},"pos":null,"namespace":0}]},"no":{"type":"StatementList","substatements":[]}},{"type":"StIf","pos":"25,13","predicate":{"type":"Builtin","pos":"25,13","name":"match","args":[{"type":"Variable","name":"$2","pos":"13,19","namespace":0},{"type":"String","value":"*gconv-modules*","pos":"25,39"}]},"yes":{"type":"StatementList","substatements":[{"type":"StAssign","lvalue":"_correlation_id","rvalue":{"type":"Builtin","pos":"19,9","name":"append","args":[{"type":"Variable","name":"_correlation_id","pos":"19,9","namespace":0},{"type":"List","value":[{"type":"String","value":"subject.process.parent.id","pos":"19,9"}],"pos":"19,9"}]},"pos":null,"namespace":0},{"type":"StAssign","lvalue":"_rule_name","rvalue":{"type":"Builtin","pos":"19,9","name":"append","args":[{"type":"Variable","name":"_rule_name","pos":"19,9","namespace":0},{"type":"String","value":"Malware_Exploit_Elf_CVE_2021_4034_a","pos":"19,9"}]},"pos":null,"namespace":0},{"type":"StAssign","lvalue":"_rule_version","rvalue":{"type":"Builtin","pos":"19,9","name":"append","args":[{"type":"Variable","name":"_rule_version","pos":"19,9","namespace":0},{"type":"String","value":"7b9784edd8571ae75435e0710c517774bbd084b5","pos":"19,9"}]},"pos":null,"namespace":0},{"type":"StAssign","lvalue":"_event_name","rvalue":{"type":"Builtin","pos":"19,9","name":"append","args":[{"type":"Variable","name":"_event_name","pos":"19,9","namespace":0},{"type":"String","value":"E2","pos":"19,9"}]},"pos":null,"namespace":0},{"type":"StAssign","lvalue":"_required_fields","rvalue":{"type":"Builtin","pos":"19,9","name":"append","args":[{"type":"Variable","name":"_required_fields","pos":"19,9","namespace":0},{"type":"Number","value":5,"pos":"19,9"}]},"pos":null,"namespace":0},{"type":"StAssign","lvalue":"_with_diff_fields","rvalue":{"type":"Builtin","pos":"19,9","name":"append","args":[{"type":"Variable","name":"_with_diff_fields","pos":"19,9","namespace":0},{"type":"List","value":[],"pos":"19,9"}]},"pos":null,"namespace":0}]},"no":{"type":"StatementList","substatements":[]}},{"type":"StIf","pos":"15,16","predicate":{"type":"Builtin","pos":"15,16","name":"or","args":[{"type":"Builtin","pos":"15,16","name":"or","args":[{"type":"Builtin","pos":"15,16","name":"or","args":[{"type":"Builtin","pos":"15,16","name":"or","args":[{"type":"Builtin","pos":"15,16","name":"==","args":[{"type":"Variable","name":"object.path","pos":"15,16","namespace":2},{"type":"String","value":"/etc/init.d/","pos":"15,31"}]},{"type":"Builtin","pos":"16,16","name":"==","args":[{"type":"Variable","name":"object.path","pos":"16,16","namespace":2},{"type":"String","value":"/etc/rc.d/","pos":"16,31"}]}]},{"type":"Builtin","pos":"17,16","name":"==","args":[{"type":"Variable","name":"object.path","pos":"17,16","namespace":2},{"type":"String","value":"/etc/rc.local/","pos":"17,31"}]}]},{"type":"Builtin","pos":"18,16","name":"==","args":[{"type":"Variable","name":"object.path","pos":"18,16","namespace":2},{"type":"String","value":"/etc/rc.common/","pos":"18,31"}]}]},{"type":"Builtin","pos":"19,16","name":"match","args":[{"type":"Variable","name":"object.path","pos":"19,22","namespace":2},{"type":"String","value":"/etc/rc?.d/","pos":"19,35"}]}]},"yes":{"type":"StatementList","substatements":[{"type":"StAssign","lvalue":"_correlation_id","rvalue":{"type":"Builtin","pos":"8,9","name":"append","args":[{"type":"Variable","name":"_correlation_id","pos":"8,9","namespace":0},{"type":"List","value":[{"type":"String","value":"event_src.host","pos":"8,9"}],"pos":"8,9"}]},"pos":null,"namespace":0},{"type":"StAssign","lvalue":"_rule_name","rvalue":{"type":"Builtin","pos":"8,9","name":"append","args":[{"type":"Variable","name":"_rule_name","pos":"8,9","namespace":0},{"type":"String","value":"Suspicious_Create_File_Boot_RCScripts","pos":"8,9"}]},"pos":null,"namespace":0},{"type":"StAssign","lvalue":"_rule_version","rvalue":{"type":"Builtin","pos":"8,9","name":"append","args":[{"type":"Variable","name":"_rule_version","pos":"8,9","namespace":0},{"type":"String","value":"f455e85a9fbb016970ab72627f0d96c1eaa2d1ae","pos":"8,9"}]},"pos":null,"namespace":0},{"type":"StAssign","lvalue":"_event_name","rvalue":{"type":"Builtin","pos":"8,9","name":"append","args":[{"type":"Variable","name":"_event_name","pos":"8,9","namespace":0},{"type":"String","value":"E","pos":"8,9"}]},"pos":null,"namespace":0},{"type":"StAssign","lvalue":"_required_fields","rvalue":{"type":"Builtin","pos":"8,9","name":"append","args":[{"type":"Variable","name":"_required_fields","pos":"8,9","namespace":0},{"type":"Number","value":1,"pos":"8,9"}]},"pos":null,"namespace":0},{"type":"StAssign","lvalue":"_with_diff_fields","rvalue":{"type":"Builtin","pos":"8,9","name":"append","args":[{"type":"Variable","name":"_with_diff_fields","pos":"8,9","namespace":0},{"type":"List","value":[],"pos":"8,9"}]},"pos":null,"namespace":0}]},"no":{"type":"StatementList","substatements":[]}},{"type":"StIf","pos":"15,16","predicate":{"type":"Builtin","pos":"15,16","name":"or","args":[{"type":"Builtin","pos":"15,16","name":"match","args":[{"type":"Variable","name":"object.fullpath","pos":"15,22","namespace":2},{"type":"String","value":"*/.ssh/authorized_keys","pos":"15,39"}]},{"type":"Builtin","pos":"16,16","name":"match","args":[{"type":"Variable","name":"object.fullpath","pos":"16,22","namespace":2},{"type":"String","value":"/etc/ssh/ssh_host*","pos":"16,39"}]}]},"yes":{"type":"StatementList","substatements":[{"type":"StAssign","lvalue":"_correlation_id","rvalue":{"type":"Builtin","pos":"8,9","name":"append","args":[{"type":"Variable","name":"_correlation_id","pos":"8,9","namespace":0},{"type":"List","value":[{"type":"String","value":"event_src.host","pos":"8,9"}],"pos":"8,9"}]},"pos":null,"namespace":0},{"type":"StAssign","lvalue":"_rule_name","rvalue":{"type":"Builtin","pos":"8,9","name":"append","args":[{"type":"Variable","name":"_rule_name","pos":"8,9","namespace":0},{"type":"String","value":"Suspicious_Create_File_Ssh_AuthorizedKeys","pos":"8,9"}]},"pos":null,"namespace":0},{"type":"StAssign","lvalue":"_rule_version","rvalue":{"type":"Builtin","pos":"8,9","name":"append","args":[{"type":"Variable","name":"_rule_version","pos":"8,9","namespace":0},{"type":"String","value":"9f24e35ea914f87c834bfe3cc9df3cc6a9e60203","pos":"8,9"}]},"pos":null,"namespace":0},{"type":"StAssign","lvalue":"_event_name","rvalue":{"type":"Builtin","pos":"8,9","name":"append","args":[{"type":"Variable","name":"_event_name","pos":"8,9","namespace":0},{"type":"String","value":"E","pos":"8,9"}]},"pos":null,"namespace":0},{"type":"StAssign","lvalue":"_required_fields","rvalue":{"type":"Builtin","pos":"8,9","name":"append","args":[{"type":"Variable","name":"_required_fields","pos":"8,9","namespace":0},{"type":"Number","value":1,"pos":"8,9"}]},"pos":null,"namespace":0},{"type":"StAssign","lvalue":"_with_diff_fields","rvalue":{"type":"Builtin","pos":"8,9","name":"append","args":[{"type":"Variable","name":"_with_diff_fields","pos":"8,9","namespace":0},{"type":"List","value":[],"pos":"8,9"}]},"pos":null,"namespace":0}]},"no":{"type":"StatementList","substatements":[]}}]}}]}]},"no":{"type":"StatementList","substatements":[]}}]},"rules":{"Malware_Exploit_Elf_CVE_2021_4034_a":{"version":"7b9784edd8571ae75435e0710c517774bbd084b5","init_state":"1","close_state":"0","transitions":{"1":{"E1":"3","E2":{"dest":"2","custom_handler":{"type":"StatementList","substatements":[{"type":"StAssign","lvalue":"subject.process.id","rvalue":{"type":"Builtin","pos":"30,9","name":"string","args":[{"type":"Variable","name":"subject.process.id","pos":"30,31","namespace":2}]},"pos":"30,9","namespace":1},{"type":"StAssign","lvalue":"subject.process.parent.id","rvalue":{"type":"Builtin","pos":"31,9","name":"string","args":[{"type":"Variable","name":"subject.process.parent.id","pos":"31,38","namespace":2}]},"pos":"31,9","namespace":1},{"type":"StAssign","lvalue":"subject.process.fullpath","rvalue":{"type":"Builtin","pos":"32,9","name":"string","args":[{"type":"Variable","name":"subject.process.fullpath","pos":"32,37","namespace":2}]},"pos":"32,9","namespace":1},{"type":"StAssign","lvalue":"subject.process.name","rvalue":{"type":"Builtin","pos":"33,9","name":"string","args":[{"type":"Variable","name":"subject.process.name","pos":"33,33","namespace":2}]},"pos":"33,9","namespace":1},{"type":"StAssign","lvalue":"subject.process.path","rvalue":{"type":"Builtin","pos":"34,9","name":"string","args":[{"type":"Variable","name":"subject.process.path","pos":"34,33","namespace":2}]},"pos":"34,9","namespace":1},{"type":"StAssign","lvalue":"category.high","rvalue":{"type":"Builtin","pos":"36,9","name":"string","args":[{"type":"String","value":"Malware_Exploit_Elf_CVE_2021_4034_a","pos":"36,26"}]},"pos":"36,9","namespace":1},{"type":"StAssign","lvalue":"category.generic","rvalue":{"type":"Builtin","pos":"37,9","name":"string","args":[{"type":"String","value":"malware","pos":"37,29"}]},"pos":"37,9","namespace":1}]}}},"2":{"E1":"4"},"3":{"E2":{"dest":"4","custom_handler":{"type":"StatementList","substatements":[{"type":"StAssign","lvalue":"subject.process.id","rvalue":{"type":"Builtin","pos":"30,9","name":"string","args":[{"type":"Variable","name":"subject.process.id","pos":"30,31","namespace":2}]},"pos":"30,9","namespace":1},{"type":"StAssign","lvalue":"subject.process.parent.id","rvalue":{"type":"Builtin","pos":"31,9","name":"string","args":[{"type":"Variable","name":"subject.process.parent.id","pos":"31,38","namespace":2}]},"pos":"31,9","namespace":1},{"type":"StAssign","lvalue":"subject.process.fullpath","rvalue":{"type":"Builtin","pos":"32,9","name":"string","args":[{"type":"Variable","name":"subject.process.fullpath","pos":"32,37","namespace":2}]},"pos":"32,9","namespace":1},{"type":"StAssign","lvalue":"subject.process.name","rvalue":{"type":"Builtin","pos":"33,9","name":"string","args":[{"type":"Variable","name":"subject.process.name","pos":"33,33","namespace":2}]},"pos":"33,9","namespace":1},{"type":"StAssign","lvalue":"subject.process.path","rvalue":{"type":"Builtin","pos":"34,9","name":"string","args":[{"type":"Variable","name":"subject.process.path","pos":"34,33","namespace":2}]},"pos":"34,9","namespace":1},{"type":"StAssign","lvalue":"category.high","rvalue":{"type":"Builtin","pos":"36,9","name":"string","args":[{"type":"String","value":"Malware_Exploit_Elf_CVE_2021_4034_a","pos":"36,26"}]},"pos":"36,9","namespace":1},{"type":"StAssign","lvalue":"category.generic","rvalue":{"type":"Builtin","pos":"37,9","name":"string","args":[{"type":"String","value":"malware","pos":"37,29"}]},"pos":"37,9","namespace":1}]}}}},"finish_state":["4"],"emit":{"type":"StatementList","substatements":[{"type":"StAssign","lvalue":"correlation_name","rvalue":{"type":"Builtin","pos":"1,1","name":"string","args":[{"type":"String","value":"Malware_Exploit_Elf_CVE_2021_4034_a","pos":"1,1"}]},"pos":"1,1","namespace":1},{"type":"StAssign","lvalue":"correlation_name","rvalue":{"type":"Builtin","pos":"1,1","name":"string","args":[{"type":"String","value":"Malware_Exploit_Elf_CVE_2021_4034_a","pos":"1,1"}]},"pos":"1,1","namespace":1}]}},"Suspicious_Create_File_Boot_Modification":{"version":"75dc3da537dc55e0fe8b2bf642cf5dae4c426d12","init_state":"1","close_state":"0","transitions":{"1":{"E":{"dest":"2","custom_handler":{"type":"StatementList","substatements":[{"type":"StAssign","lvalue":"subject.process.id","rvalue":{"type":"Builtin","pos":"18,9","name":"string","args":[{"type":"Variable","name":"subject.process.id","pos":"18,31","namespace":2}]},"pos":"18,9","namespace":1},{"type":"StAssign","lvalue":"subject.process.fullpath","rvalue":{"type":"Builtin","pos":"19,9","name":"string","args":[{"type":"Variable","name":"subject.process.fullpath","pos":"19,37","namespace":2}]},"pos":"19,9","namespace":1},{"type":"StAssign","lvalue":"subject.process.name","rvalue":{"type":"Builtin","pos":"20,9","name":"string","args":[{"type":"Variable","name":"subject.process.name","pos":"20,33","namespace":2}]},"pos":"20,9","namespace":1},{"type":"StAssign","lvalue":"subject.process.path","rvalue":{"type":"Builtin","pos":"21,9","name":"string","args":[{"type":"Variable","name":"subject.process.path","pos":"21,33","namespace":2}]},"pos":"21,9","namespace":1},{"type":"StAssign","lvalue":"object.name","rvalue":{"type":"Builtin","pos":"23,9","name":"string","args":[{"type":"Variable","name":"object.name","pos":"23,24","namespace":2}]},"pos":"23,9","namespace":1},{"type":"StAssign","lvalue":"object.path","rvalue":{"type":"Builtin","pos":"24,9","name":"string","args":[{"type":"Variable","name":"object.path","pos":"24,24","namespace":2}]},"pos":"24,9","namespace":1},{"type":"StAssign","lvalue":"object.fullpath","rvalue":{"type":"Builtin","pos":"25,9","name":"string","args":[{"type":"Variable","name":"object.fullpath","pos":"25,28","namespace":2}]},"pos":"25,9","namespace":1},{"type":"StAssign","lvalue":"category.high","rvalue":{"type":"Builtin","pos":"27,9","name":"string","args":[{"type":"String","value":"Suspicious_Create_File_Boot_Modification","pos":"27,26"}]},"pos":"27,9","namespace":1},{"type":"StAssign","lvalue":"category.generic","rvalue":{"type":"Builtin","pos":"28,9","name":"string","args":[{"type":"String","value":"suspicious","pos":"28,29"}]},"pos":"28,9","namespace":1},{"type":"StAssign","lvalue":"numfield1","rvalue":{"type":"Builtin","pos":"29,9","name":"number","args":[{"type":"Number","value":5,"pos":"29,22"}]},"pos":"29,9","namespace":1}]}}}},"finish_state":["2"],"emit":{"type":"StatementList","substatements":[{"type":"StAssign","lvalue":"correlation_name","rvalue":{"type":"Builtin","pos":"1,1","name":"string","args":[{"type":"String","value":"Suspicious_Create_File_Boot_Modification","pos":"1,1"}]},"pos":"1,1","namespace":1},{"type":"StAssign","lvalue":"correlation_name","rvalue":{"type":"Builtin","pos":"1,1","name":"string","args":[{"type":"String","value":"Suspicious_Create_File_Boot_Modification","pos":"1,1"}]},"pos":"1,1","namespace":1}]}},"Suspicious_Create_File_Boot_RCScripts":{"version":"f455e85a9fbb016970ab72627f0d96c1eaa2d1ae","init_state":"1","close_state":"0","transitions":{"1":{"E":{"dest":"2","custom_handler":{"type":"StatementList","substatements":[{"type":"StAssign","lvalue":"subject.process.id","rvalue":{"type":"Builtin","pos":"25,9","name":"string","args":[{"type":"Variable","name":"subject.process.id","pos":"25,31","namespace":2}]},"pos":"25,9","namespace":1},{"type":"StAssign","lvalue":"subject.process.fullpath","rvalue":{"type":"Builtin","pos":"26,9","name":"string","args":[{"type":"Variable","name":"subject.process.fullpath","pos":"26,37","namespace":2}]},"pos":"26,9","namespace":1},{"type":"StAssign","lvalue":"subject.process.name","rvalue":{"type":"Builtin","pos":"27,9","name":"string","args":[{"type":"Variable","name":"subject.process.name","pos":"27,33","namespace":2}]},"pos":"27,9","namespace":1},{"type":"StAssign","lvalue":"subject.process.path","rvalue":{"type":"Builtin","pos":"28,9","name":"string","args":[{"type":"Variable","name":"subject.process.path","pos":"28,33","namespace":2}]},"pos":"28,9","namespace":1},{"type":"StAssign","lvalue":"object.name","rvalue":{"type":"Builtin","pos":"30,9","name":"string","args":[{"type":"Variable","name":"object.name","pos":"30,24","namespace":2}]},"pos":"30,9","namespace":1},{"type":"StAssign","lvalue":"object.path","rvalue":{"type":"Builtin","pos":"31,9","name":"string","args":[{"type":"Variable","name":"object.path","pos":"31,24","namespace":2}]},"pos":"31,9","namespace":1},{"type":"StAssign","lvalue":"object.fullpath","rvalue":{"type":"Builtin","pos":"32,9","name":"string","args":[{"type":"Variable","name":"object.fullpath","pos":"32,28","namespace":2}]},"pos":"32,9","namespace":1},{"type":"StAssign","lvalue":"category.high","rvalue":{"type":"Builtin","pos":"34,9","name":"string","args":[{"type":"String","value":"Suspicious_Create_File_Boot_RCScripts","pos":"34,26"}]},"pos":"34,9","namespace":1},{"type":"StAssign","lvalue":"category.generic","rvalue":{"type":"Builtin","pos":"35,9","name":"string","args":[{"type":"String","value":"suspicious","pos":"35,29"}]},"pos":"35,9","namespace":1},{"type":"StAssign","lvalue":"numfield1","rvalue":{"type":"Builtin","pos":"36,9","name":"number","args":[{"type":"Number","value":5,"pos":"36,22"}]},"pos":"36,9","namespace":1}]}}}},"finish_state":["2"],"emit":{"type":"StatementList","substatements":[{"type":"StAssign","lvalue":"correlation_name","rvalue":{"type":"Builtin","pos":"1,1","name":"string","args":[{"type":"String","value":"Suspicious_Create_File_Boot_RCScripts","pos":"1,1"}]},"pos":"1,1","namespace":1},{"type":"StAssign","lvalue":"correlation_name","rvalue":{"type":"Builtin","pos":"1,1","name":"string","args":[{"type":"String","value":"Suspicious_Create_File_Boot_RCScripts","pos":"1,1"}]},"pos":"1,1","namespace":1}]}},"Suspicious_Create_File_Scheduler_Cron":{"version":"96d841805bd78a9d9629626760c1edad019126cf","init_state":"1","close_state":"0","transitions":{"1":{"E":{"dest":"2","custom_handler":{"type":"StatementList","substatements":[{"type":"StAssign","lvalue":"subject.process.id","rvalue":{"type":"Builtin","pos":"22,9","name":"string","args":[{"type":"Variable","name":"subject.process.id","pos":"22,31","namespace":2}]},"pos":"22,9","namespace":1},{"type":"StAssign","lvalue":"subject.process.fullpath","rvalue":{"type":"Builtin","pos":"23,9","name":"string","args":[{"type":"Variable","name":"subject.process.fullpath","pos":"23,37","namespace":2}]},"pos":"23,9","namespace":1},{"type":"StAssign","lvalue":"subject.process.name","rvalue":{"type":"Builtin","pos":"24,9","name":"string","args":[{"type":"Variable","name":"subject.process.name","pos":"24,33","namespace":2}]},"pos":"24,9","namespace":1},{"type":"StAssign","lvalue":"subject.process.path","rvalue":{"type":"Builtin","pos":"25,9","name":"string","args":[{"type":"Variable","name":"subject.process.path","pos":"25,33","namespace":2}]},"pos":"25,9","namespace":1},{"type":"StAssign","lvalue":"object.name","rvalue":{"type":"Builtin","pos":"27,9","name":"string","args":[{"type":"Variable","name":"object.name","pos":"27,24","namespace":2}]},"pos":"27,9","namespace":1},{"type":"StAssign","lvalue":"object.path","rvalue":{"type":"Builtin","pos":"28,9","name":"string","args":[{"type":"Variable","name":"object.path","pos":"28,24","namespace":2}]},"pos":"28,9","namespace":1},{"type":"StAssign","lvalue":"object.fullpath","rvalue":{"type":"Builtin","pos":"29,9","name":"string","args":[{"type":"Variable","name":"object.fullpath","pos":"29,28","namespace":2}]},"pos":"29,9","namespace":1},{"type":"StAssign","lvalue":"category.high","rvalue":{"type":"Builtin","pos":"31,9","name":"string","args":[{"type":"String","value":"Suspicious_Create_File_Scheduler_Cron","pos":"31,26"}]},"pos":"31,9","namespace":1},{"type":"StAssign","lvalue":"category.generic","rvalue":{"type":"Builtin","pos":"32,9","name":"string","args":[{"type":"String","value":"suspicious","pos":"32,29"}]},"pos":"32,9","namespace":1},{"type":"StAssign","lvalue":"numfield1","rvalue":{"type":"Builtin","pos":"33,9","name":"number","args":[{"type":"Number","value":5,"pos":"33,22"}]},"pos":"33,9","namespace":1}]}}}},"finish_state":["2"],"emit":{"type":"StatementList","substatements":[{"type":"StAssign","lvalue":"correlation_name","rvalue":{"type":"Builtin","pos":"1,1","name":"string","args":[{"type":"String","value":"Suspicious_Create_File_Scheduler_Cron","pos":"1,1"}]},"pos":"1,1","namespace":1},{"type":"StAssign","lvalue":"correlation_name","rvalue":{"type":"Builtin","pos":"1,1","name":"string","args":[{"type":"String","value":"Suspicious_Create_File_Scheduler_Cron","pos":"1,1"}]},"pos":"1,1","namespace":1}]}},"Suspicious_Create_File_Ssh_AuthorizedKeys":{"version":"9f24e35ea914f87c834bfe3cc9df3cc6a9e60203","init_state":"1","close_state":"0","transitions":{"1":{"E":{"dest":"2","custom_handler":{"type":"StatementList","substatements":[{"type":"StAssign","lvalue":"subject.process.id","rvalue":{"type":"Builtin","pos":"22,9","name":"string","args":[{"type":"Variable","name":"subject.process.id","pos":"22,31","namespace":2}]},"pos":"22,9","namespace":1},{"type":"StAssign","lvalue":"subject.process.fullpath","rvalue":{"type":"Builtin","pos":"23,9","name":"string","args":[{"type":"Variable","name":"subject.process.fullpath","pos":"23,37","namespace":2}]},"pos":"23,9","namespace":1},{"type":"StAssign","lvalue":"subject.process.name","rvalue":{"type":"Builtin","pos":"24,9","name":"string","args":[{"type":"Variable","name":"subject.process.name","pos":"24,33","namespace":2}]},"pos":"24,9","namespace":1},{"type":"StAssign","lvalue":"subject.process.path","rvalue":{"type":"Builtin","pos":"25,9","name":"string","args":[{"type":"Variable","name":"subject.process.path","pos":"25,33","namespace":2}]},"pos":"25,9","namespace":1},{"type":"StAssign","lvalue":"object.name","rvalue":{"type":"Builtin","pos":"27,9","name":"string","args":[{"type":"Variable","name":"object.name","pos":"27,24","namespace":2}]},"pos":"27,9","namespace":1},{"type":"StAssign","lvalue":"object.path","rvalue":{"type":"Builtin","pos":"28,9","name":"string","args":[{"type":"Variable","name":"object.path","pos":"28,24","namespace":2}]},"pos":"28,9","namespace":1},{"type":"StAssign","lvalue":"object.fullpath","rvalue":{"type":"Builtin","pos":"29,9","name":"string","args":[{"type":"Variable","name":"object.fullpath","pos":"29,28","namespace":2}]},"pos":"29,9","namespace":1},{"type":"StAssign","lvalue":"category.high","rvalue":{"type":"Builtin","pos":"31,9","name":"string","args":[{"type":"String","value":"Suspicious_Create_File_Ssh_AuthorizedKeys","pos":"31,26"}]},"pos":"31,9","namespace":1},{"type":"StAssign","lvalue":"category.generic","rvalue":{"type":"Builtin","pos":"32,9","name":"string","args":[{"type":"String","value":"suspicious","pos":"32,29"}]},"pos":"32,9","namespace":1},{"type":"StAssign","lvalue":"numfield1","rvalue":{"type":"Builtin","pos":"33,9","name":"number","args":[{"type":"Number","value":8,"pos":"33,22"}]},"pos":"33,9","namespace":1}]}}}},"finish_state":["2"],"emit":{"type":"StatementList","substatements":[{"type":"StAssign","lvalue":"correlation_name","rvalue":{"type":"Builtin","pos":"1,1","name":"string","args":[{"type":"String","value":"Suspicious_Create_File_Ssh_AuthorizedKeys","pos":"1,1"}]},"pos":"1,1","namespace":1},{"type":"StAssign","lvalue":"correlation_name","rvalue":{"type":"Builtin","pos":"1,1","name":"string","args":[{"type":"String","value":"Suspicious_Create_File_Ssh_AuthorizedKeys","pos":"1,1"}]},"pos":"1,1","namespace":1}]}},"Suspicious_Create_Process_Iptables_ModifyFirewall":{"version":"4c8934a2f94f7dc8e7255c661615c2b8ffabe2be","init_state":"1","close_state":"0","transitions":{"1":{"E":{"dest":"2","custom_handler":{"type":"StatementList","substatements":[{"type":"StAssign","lvalue":"object.process.id","rvalue":{"type":"Builtin","pos":"21,9","name":"string","args":[{"type":"Variable","name":"object.process.id","pos":"21,30","namespace":2}]},"pos":"21,9","namespace":1},{"type":"StAssign","lvalue":"object.process.parent.id","rvalue":{"type":"Builtin","pos":"22,9","name":"string","args":[{"type":"Variable","name":"object.process.parent.id","pos":"22,37","namespace":2}]},"pos":"22,9","namespace":1},{"type":"StAssign","lvalue":"object.process.fullpath","rvalue":{"type":"Builtin","pos":"23,9","name":"string","args":[{"type":"Variable","name":"object.process.fullpath","pos":"23,36","namespace":2}]},"pos":"23,9","namespace":1},{"type":"StAssign","lvalue":"object.process.path","rvalue":{"type":"Builtin","pos":"24,9","name":"string","args":[{"type":"Variable","name":"object.process.path","pos":"24,32","namespace":2}]},"pos":"24,9","namespace":1},{"type":"StAssign","lvalue":"object.process.name","rvalue":{"type":"Builtin","pos":"25,9","name":"string","args":[{"type":"Variable","name":"object.process.name","pos":"25,32","namespace":2}]},"pos":"25,9","namespace":1},{"type":"StAssign","lvalue":"object.process.cmdline","rvalue":{"type":"Builtin","pos":"26,9","name":"string","args":[{"type":"Variable","name":"object.process.cmdline","pos":"26,35","namespace":2}]},"pos":"26,9","namespace":1},{"type":"StAssign","lvalue":"category.high","rvalue":{"type":"Builtin","pos":"28,9","name":"string","args":[{"type":"String","value":"Suspicious_Create_Process_Iptables_ModifyFirewall","pos":"28,26"}]},"pos":"28,9","namespace":1},{"type":"StAssign","lvalue":"category.generic","rvalue":{"type":"Builtin","pos":"29,9","name":"string","args":[{"type":"String","value":"suspicious","pos":"29,29"}]},"pos":"29,9","namespace":1},{"type":"StAssign","lvalue":"numfield1","rvalue":{"type":"Builtin","pos":"30,9","name":"number","args":[{"type":"Number","value":8,"pos":"30,22"}]},"pos":"30,9","namespace":1}]}}}},"finish_state":["2"],"emit":{"type":"StatementList","substatements":[{"type":"StAssign","lvalue":"correlation_name","rvalue":{"type":"Builtin","pos":"1,1","name":"string","args":[{"type":"String","value":"Suspicious_Create_Process_Iptables_ModifyFirewall","pos":"1,1"}]},"pos":"1,1","namespace":1},{"type":"StAssign","lvalue":"correlation_name","rvalue":{"type":"Builtin","pos":"1,1","name":"string","args":[{"type":"String","value":"Suspicious_Create_Process_Iptables_ModifyFirewall","pos":"1,1"}]},"pos":"1,1","namespace":1}]}},"Suspicious_Read_File_Passwd_CredentialsEnumeration":{"version":"606b0f8f69640fa4e10a9edd31232d17651d2135","init_state":"1","close_state":"0","transitions":{"1":{"E":{"dest":"2","custom_handler":{"type":"StatementList","substatements":[{"type":"StAssign","lvalue":"subject.process.id","rvalue":{"type":"Builtin","pos":"40,9","name":"string","args":[{"type":"Variable","name":"subject.process.id","pos":"40,31","namespace":2}]},"pos":"40,9","namespace":1},{"type":"StAssign","lvalue":"subject.process.parent.id","rvalue":{"type":"Builtin","pos":"41,9","name":"string","args":[{"type":"Variable","name":"subject.process.parent.id","pos":"41,38","namespace":2}]},"pos":"41,9","namespace":1},{"type":"StAssign","lvalue":"subject.process.fullpath","rvalue":{"type":"Builtin","pos":"42,9","name":"string","args":[{"type":"Variable","name":"subject.process.fullpath","pos":"42,37","namespace":2}]},"pos":"42,9","namespace":1},{"type":"StAssign","lvalue":"subject.process.name","rvalue":{"type":"Builtin","pos":"43,9","name":"string","args":[{"type":"Variable","name":"subject.process.name","pos":"43,33","namespace":2}]},"pos":"43,9","namespace":1},{"type":"StAssign","lvalue":"subject.process.path","rvalue":{"type":"Builtin","pos":"44,9","name":"string","args":[{"type":"Variable","name":"subject.process.path","pos":"44,33","namespace":2}]},"pos":"44,9","namespace":1},{"type":"StAssign","lvalue":"subject.process.meta","rvalue":{"type":"Builtin","pos":"45,9","name":"string","args":[{"type":"Variable","name":"subject.process.meta","pos":"45,33","namespace":2}]},"pos":"45,9","namespace":1},{"type":"StAssign","lvalue":"object.fullpath","rvalue":{"type":"Builtin","pos":"47,9","name":"string","args":[{"type":"Variable","name":"object.fullpath","pos":"47,28","namespace":2}]},"pos":"47,9","namespace":1},{"type":"StAssign","lvalue":"object.state","rvalue":{"type":"Builtin","pos":"48,9","name":"string","args":[{"type":"Variable","name":"object.state","pos":"48,25","namespace":2}]},"pos":"48,9","namespace":1},{"type":"StAssign","lvalue":"category.high","rvalue":{"type":"Builtin","pos":"50,9","name":"string","args":[{"type":"String","value":"Suspicious_Read_File_Passwd_CredentialsEnumeration","pos":"50,26"}]},"pos":"50,9","namespace":1},{"type":"StAssign","lvalue":"category.generic","rvalue":{"type":"Builtin","pos":"51,9","name":"string","args":[{"type":"String","value":"suspicious","pos":"51,29"}]},"pos":"51,9","namespace":1},{"type":"StAssign","lvalue":"numfield1","rvalue":{"type":"Builtin","pos":"52,9","name":"number","args":[{"type":"Number","value":3,"pos":"52,22"}]},"pos":"52,9","namespace":1}]}}}},"finish_state":["2"],"emit":{"type":"StatementList","substatements":[{"type":"StAssign","lvalue":"correlation_name","rvalue":{"type":"Builtin","pos":"1,1","name":"string","args":[{"type":"String","value":"Suspicious_Read_File_Passwd_CredentialsEnumeration","pos":"1,1"}]},"pos":"1,1","namespace":1},{"type":"StAssign","lvalue":"correlation_name","rvalue":{"type":"Builtin","pos":"1,1","name":"string","args":[{"type":"String","value":"Suspicious_Read_File_Passwd_CredentialsEnumeration","pos":"1,1"}]},"pos":"1,1","namespace":1}]}},"Suspicious_Read_File_Shadow_CredentialsDumping":{"version":"933659ea60e4a3b6a527942c2f9c100db6024bf7","init_state":"1","close_state":"0","transitions":{"1":{"E":{"dest":"2","custom_handler":{"type":"StatementList","substatements":[{"type":"StAssign","lvalue":"subject.process.id","rvalue":{"type":"Builtin","pos":"29,9","name":"string","args":[{"type":"Variable","name":"subject.process.id","pos":"29,31","namespace":2}]},"pos":"29,9","namespace":1},{"type":"StAssign","lvalue":"subject.process.parent.id","rvalue":{"type":"Builtin","pos":"30,9","name":"string","args":[{"type":"Variable","name":"subject.process.parent.id","pos":"30,38","namespace":2}]},"pos":"30,9","namespace":1},{"type":"StAssign","lvalue":"subject.process.fullpath","rvalue":{"type":"Builtin","pos":"31,9","name":"string","args":[{"type":"Variable","name":"subject.process.fullpath","pos":"31,37","namespace":2}]},"pos":"31,9","namespace":1},{"type":"StAssign","lvalue":"subject.process.name","rvalue":{"type":"Builtin","pos":"32,9","name":"string","args":[{"type":"Variable","name":"subject.process.name","pos":"32,33","namespace":2}]},"pos":"32,9","namespace":1},{"type":"StAssign","lvalue":"subject.process.path","rvalue":{"type":"Builtin","pos":"33,9","name":"string","args":[{"type":"Variable","name":"subject.process.path","pos":"33,33","namespace":2}]},"pos":"33,9","namespace":1},{"type":"StAssign","lvalue":"subject.process.meta","rvalue":{"type":"Builtin","pos":"34,9","name":"string","args":[{"type":"Variable","name":"subject.process.meta","pos":"34,33","namespace":2}]},"pos":"34,9","namespace":1},{"type":"StAssign","lvalue":"object.fullpath","rvalue":{"type":"Builtin","pos":"36,9","name":"string","args":[{"type":"Variable","name":"object.fullpath","pos":"36,28","namespace":2}]},"pos":"36,9","namespace":1},{"type":"StAssign","lvalue":"object.state","rvalue":{"type":"Builtin","pos":"37,9","name":"string","args":[{"type":"Variable","name":"object.state","pos":"37,25","namespace":2}]},"pos":"37,9","namespace":1},{"type":"StAssign","lvalue":"category.high","rvalue":{"type":"Builtin","pos":"39,9","name":"string","args":[{"type":"String","value":"Suspicious_Read_File_Shadow_CredentialsDumping","pos":"39,26"}]},"pos":"39,9","namespace":1},{"type":"StAssign","lvalue":"category.generic","rvalue":{"type":"Builtin","pos":"40,9","name":"string","args":[{"type":"String","value":"suspicious","pos":"40,29"}]},"pos":"40,9","namespace":1},{"type":"StAssign","lvalue":"numfield1","rvalue":{"type":"Builtin","pos":"41,9","name":"number","args":[{"type":"Number","value":7,"pos":"41,22"}]},"pos":"41,9","namespace":1}]}}}},"finish_state":["2"],"emit":{"type":"StatementList","substatements":[{"type":"StAssign","lvalue":"correlation_name","rvalue":{"type":"Builtin","pos":"1,1","name":"string","args":[{"type":"String","value":"Suspicious_Read_File_Shadow_CredentialsDumping","pos":"1,1"}]},"pos":"1,1","namespace":1},{"type":"StAssign","lvalue":"correlation_name","rvalue":{"type":"Builtin","pos":"1,1","name":"string","args":[{"type":"String","value":"Suspicious_Read_File_Shadow_CredentialsDumping","pos":"1,1"}]},"pos":"1,1","namespace":1}]}},"Suspicious_Write_File_PAM_Persistence":{"version":"dc70a2e8cadc9fd0f9334aa281a91f6412ed2ace","init_state":"1","close_state":"0","transitions":{"1":{"E1":{"dest":"3","custom_handler":{"type":"StatementList","substatements":[{"type":"StAssign","lvalue":"subject.process.id","rvalue":{"type":"Builtin","pos":"38,9","name":"string","args":[{"type":"Variable","name":"subject.process.id","pos":"38,31","namespace":2}]},"pos":"38,9","namespace":1},{"type":"StAssign","lvalue":"subject.process.parent.id","rvalue":{"type":"Builtin","pos":"39,9","name":"string","args":[{"type":"Variable","name":"subject.process.parent.id","pos":"39,38","namespace":2}]},"pos":"39,9","namespace":1},{"type":"StAssign","lvalue":"subject.process.fullpath","rvalue":{"type":"Builtin","pos":"40,9","name":"string","args":[{"type":"Variable","name":"subject.process.fullpath","pos":"40,37","namespace":2}]},"pos":"40,9","namespace":1},{"type":"StAssign","lvalue":"subject.process.name","rvalue":{"type":"Builtin","pos":"41,9","name":"string","args":[{"type":"Variable","name":"subject.process.name","pos":"41,33","namespace":2}]},"pos":"41,9","namespace":1},{"type":"StAssign","lvalue":"subject.process.path","rvalue":{"type":"Builtin","pos":"42,9","name":"string","args":[{"type":"Variable","name":"subject.process.path","pos":"42,33","namespace":2}]},"pos":"42,9","namespace":1},{"type":"StAssign","lvalue":"subject.process.meta","rvalue":{"type":"Builtin","pos":"43,9","name":"string","args":[{"type":"Variable","name":"subject.process.meta","pos":"43,33","namespace":2}]},"pos":"43,9","namespace":1},{"type":"StAssign","lvalue":"object.fullpath","rvalue":{"type":"Builtin","pos":"45,9","name":"string","args":[{"type":"Variable","name":"object.fullpath","pos":"45,28","namespace":2}]},"pos":"45,9","namespace":1},{"type":"StAssign","lvalue":"category.high","rvalue":{"type":"Builtin","pos":"47,9","name":"string","args":[{"type":"String","value":"Suspicious_Write_File_PAM_Persistence","pos":"47,26"}]},"pos":"47,9","namespace":1},{"type":"StAssign","lvalue":"category.generic","rvalue":{"type":"Builtin","pos":"48,9","name":"string","args":[{"type":"String","value":"suspicious","pos":"48,29"}]},"pos":"48,9","namespace":1},{"type":"StAssign","lvalue":"numfield1","rvalue":{"type":"Builtin","pos":"49,9","name":"number","args":[{"type":"Number","value":10,"pos":"49,22"}]},"pos":"49,9","namespace":1}]}},"E2":{"dest":"2","custom_handler":{"type":"StatementList","substatements":[{"type":"StAssign","lvalue":"subject.process.id","rvalue":{"type":"Builtin","pos":"53,9","name":"string","args":[{"type":"Variable","name":"subject.process.id","pos":"53,31","namespace":2}]},"pos":"53,9","namespace":1},{"type":"StAssign","lvalue":"subject.process.parent.id","rvalue":{"type":"Builtin","pos":"54,9","name":"string","args":[{"type":"Variable","name":"subject.process.parent.id","pos":"54,38","namespace":2}]},"pos":"54,9","namespace":1},{"type":"StAssign","lvalue":"subject.process.fullpath","rvalue":{"type":"Builtin","pos":"55,9","name":"string","args":[{"type":"Variable","name":"subject.process.fullpath","pos":"55,37","namespace":2}]},"pos":"55,9","namespace":1},{"type":"StAssign","lvalue":"subject.process.name","rvalue":{"type":"Builtin","pos":"56,9","name":"string","args":[{"type":"Variable","name":"subject.process.name","pos":"56,33","namespace":2}]},"pos":"56,9","namespace":1},{"type":"StAssign","lvalue":"subject.process.path","rvalue":{"type":"Builtin","pos":"57,9","name":"string","args":[{"type":"Variable","name":"subject.process.path","pos":"57,33","namespace":2}]},"pos":"57,9","namespace":1},{"type":"StAssign","lvalue":"subject.process.meta","rvalue":{"type":"Builtin","pos":"58,9","name":"string","args":[{"type":"Variable","name":"subject.process.meta","pos":"58,33","namespace":2}]},"pos":"58,9","namespace":1},{"type":"StAssign","lvalue":"object.fullpath","rvalue":{"type":"Builtin","pos":"60,9","name":"string","args":[{"type":"Variable","name":"object.fullpath","pos":"60,28","namespace":2}]},"pos":"60,9","namespace":1},{"type":"StAssign","lvalue":"category.high","rvalue":{"type":"Builtin","pos":"62,9","name":"string","args":[{"type":"String","value":"Suspicious_Write_File_PAM_Persistence","pos":"62,26"}]},"pos":"62,9","namespace":1},{"type":"StAssign","lvalue":"category.generic","rvalue":{"type":"Builtin","pos":"63,9","name":"string","args":[{"type":"String","value":"suspicious","pos":"63,29"}]},"pos":"63,9","namespace":1},{"type":"StAssign","lvalue":"numfield1","rvalue":{"type":"Builtin","pos":"64,9","name":"number","args":[{"type":"Number","value":10,"pos":"64,22"}]},"pos":"64,9","namespace":1}]}}}},"finish_state":["2","3"],"emit":{"type":"StatementList","substatements":[{"type":"StAssign","lvalue":"correlation_name","rvalue":{"type":"Builtin","pos":"1,1","name":"string","args":[{"type":"String","value":"Suspicious_Write_File_PAM_Persistence","pos":"1,1"}]},"pos":"1,1","namespace":1},{"type":"StAssign","lvalue":"correlation_name","rvalue":{"type":"Builtin","pos":"1,1","name":"string","args":[{"type":"String","value":"Suspicious_Write_File_PAM_Persistence","pos":"1,1"}]},"pos":"1,1","namespace":1}]}},"Suspicious_Write_Process_Inject_Ptrace":{"version":"2c0c2ad8312ae3a3346cf3588b35df814168572a","init_state":"1","close_state":"0","transitions":{"1":{"E":{"dest":"2","custom_handler":{"type":"StatementList","substatements":[{"type":"StAssign","lvalue":"subject.process.id","rvalue":{"type":"Builtin","pos":"18,9","name":"string","args":[{"type":"Variable","name":"subject.process.id","pos":"18,31","namespace":2}]},"pos":"18,9","namespace":1},{"type":"StAssign","lvalue":"subject.process.parent.id","rvalue":{"type":"Builtin","pos":"19,9","name":"string","args":[{"type":"Variable","name":"subject.process.parent.id","pos":"19,38","namespace":2}]},"pos":"19,9","namespace":1},{"type":"StAssign","lvalue":"subject.process.fullpath","rvalue":{"type":"Builtin","pos":"20,9","name":"string","args":[{"type":"Variable","name":"subject.process.fullpath","pos":"20,37","namespace":2}]},"pos":"20,9","namespace":1},{"type":"StAssign","lvalue":"subject.process.path","rvalue":{"type":"Builtin","pos":"21,9","name":"string","args":[{"type":"Variable","name":"subject.process.path","pos":"21,33","namespace":2}]},"pos":"21,9","namespace":1},{"type":"StAssign","lvalue":"subject.process.name","rvalue":{"type":"Builtin","pos":"22,9","name":"string","args":[{"type":"Variable","name":"subject.process.name","pos":"22,33","namespace":2}]},"pos":"22,9","namespace":1},{"type":"StAssign","lvalue":"object.process.id","rvalue":{"type":"Builtin","pos":"23,9","name":"string","args":[{"type":"Variable","name":"object.process.id","pos":"23,30","namespace":2}]},"pos":"23,9","namespace":1},{"type":"StAssign","lvalue":"object.value","rvalue":{"type":"Builtin","pos":"24,9","name":"string","args":[{"type":"Variable","name":"object.value","pos":"24,25","namespace":2}]},"pos":"24,9","namespace":1},{"type":"StAssign","lvalue":"datafield7","rvalue":{"type":"Builtin","pos":"26,9","name":"string","args":[{"type":"Variable","name":"datafield7","pos":"26,23","namespace":2}]},"pos":"26,9","namespace":1},{"type":"StAssign","lvalue":"category.high","rvalue":{"type":"Builtin","pos":"28,9","name":"string","args":[{"type":"String","value":"Suspicious_Write_Process_Inject_Ptrace","pos":"28,26"}]},"pos":"28,9","namespace":1},{"type":"StAssign","lvalue":"category.generic","rvalue":{"type":"Builtin","pos":"29,9","name":"string","args":[{"type":"String","value":"suspicious","pos":"29,29"}]},"pos":"29,9","namespace":1},{"type":"StAssign","lvalue":"numfield1","rvalue":{"type":"Builtin","pos":"30,9","name":"number","args":[{"type":"Number","value":10,"pos":"30,22"}]},"pos":"30,9","namespace":1}]}}}},"finish_state":["2"],"emit":{"type":"StatementList","substatements":[{"type":"StAssign","lvalue":"correlation_name","rvalue":{"type":"Builtin","pos":"1,1","name":"string","args":[{"type":"String","value":"Suspicious_Write_Process_Inject_Ptrace","pos":"1,1"}]},"pos":"1,1","namespace":1},{"type":"StAssign","lvalue":"correlation_name","rvalue":{"type":"Builtin","pos":"1,1","name":"string","args":[{"type":"String","value":"Suspicious_Write_Process_Inject_Ptrace","pos":"1,1"}]},"pos":"1,1","namespace":1}]}}}}